outbound_connection_rate,unique_dst_ips,dns_query_rate,failed_connection_ratio,nighttime_activity_ratio,port_scan_score,nxdomain_ratio,dga_domain_score,http_injection_indicators,cpu_usage_variance,label
127.39190242994253,106,135.61846109223947,0.3826515752190033,0.5177932797396985,0.5978808802577069,0.34581111354728666,5.360668098578586,9,33.97701009850208,1
69.30628926156596,36,53.05496970433562,0.01688831455224559,0.16796872721673925,0.12968997135353472,0.023515631090078228,1.8676984613052752,0,11.805819671980249,0
186.65078763803763,106,198.44049964396083,0.18522814604506121,0.6853631899468856,1.61505423861627,0.28274185234278365,5.411042912526576,9,51.33794197553962,1
36.66089661850029,23,43.63881108398717,0.0412485682004811,0.0931438688017574,0.1009472185270433,0.006839089421221584,1.9530177446638488,2,9.67085098042978,0
38.14683172327152,33,40.021251237581836,0.028809167028149535,0.06349580229301031,0.348046091343487,0.02188226155895879,3.1734719310566932,0,5.672380741583668,0
43.788403041267934,21,33.56903825332869,0.019732381463761023,0.13758211645070678,0.026277204419648037,0.062240827879957036,1.9260468154013155,1,10.415880246112788,0
45.02380121823498,19,39.19209371867213,0.04089789645415238,0.06221501804446395,0.005502895742610423,0.0006855916958471715,2.134429983636699,2,8.402891286586389,0
42.46924419673005,30,44.476250041297455,0.0450980336276772,0.2559878360847258,0.04853329149620397,0.055003704629036324,2.2303459672975663,0,3.5492620276824596,0
34.24217539176549,34,49.17636522964115,0.004066770348346131,0.11388880875754125,0.09850503188763676,0.0714161348692779,2.445642383083646,1,10.799935923123925,0
148.14523225042342,114,156.76125986431947,0.2891667632995068,0.705690686019274,2.4877061540441234,0.34132711253579834,4.470979066156446,10,39.58074844047181,1
63.67071336272039,26,30.368785035801608,0.036919006691494415,0.0910102024062277,0.08348318630716794,0.0886405164551802,2.139742176819187,0,10.911583056730635,0
51.75707427391792,20,47.214660338461755,0.017468658780349828,0.312654410698061,0.10907495499425411,0.03078491273161053,1.333492814980077,0,10.533474261049268,0
50.97775182234866,22,35.85792831195566,0.008665551668479305,0.3429828124849245,0.08441194203398393,0.01577909312581682,2.5602256377823656,0,8.152433417864804,0
25.16557323998489,23,30.873642809263387,0.036786117264967846,0.07128155037524629,0.06890250363156304,0.005673349300510398,1.9788159936798229,0,4.456097020623768,0
53.75233769615213,35,28.159021241153468,0.03655652478097231,0.2117832243051318,0.1027207503892514,0.0028785268547990533,3.156612358590213,0,5.5724349943526565,0
81.34702597830298,33,46.671347615155895,0.037253876905150245,0.022258375282110065,0.07730459557066714,0.011865544704318954,2.5385762658549003,1,4.758288426200478,0
37.572784033334415,28,44.8373290056922,0.04262432324327586,0.21894561263709572,0.027788169486071764,0.007260027361488651,2.650253410807437,1,8.85913195424798,0
52.21883460999909,35,43.739145688499306,0.02424442237494605,0.28379068731668794,0.04045704855717057,0.007781631692466487,2.2845918386146336,1,10.841002033003644,0
58.78977052969984,31,35.71737878997757,0.036489050831349505,0.04833896010723215,0.07938640218810801,0.008774962162073666,1.891847052977345,1,9.482890654862532,0
140.34873122487608,103,157.97196473273834,0.25018947032140926,0.61664785387412,1.7066964633817785,0.2570391898062115,4.662164609802825,4,27.586759866921646,1
39.6525744036027,30,42.18986594074047,0.016613534547772202,0.20171043213301287,0.07050462815776097,0.0358611701682933,3.3409461758757844,0,5.2807962863515385,0
45.561819469438646,33,30.15907159793239,0.0332588918421581,0.13115179021952567,0.035884828118726134,0.04735995378384778,2.810396297183642,0,8.945166626855068,0
73.95397127815646,24,39.7628857084935,0.0880888902777106,0.1625317552279943,0.13016916370777284,0.021385387891368256,2.9089456396200397,0,9.657974058560503,0
57.7183028619005,34,57.64366393666643,0.008308867943554477,0.23802402311875984,0.027436538030058705,0.04239463378526518,1.7976556199224483,0,9.354207518774352,0
60.86258699810626,32,47.23117204222259,0.05048654938755681,0.04948500869864348,0.5099248228879131,0.050509017267430706,3.2932730877267047,1,7.140520714338469,0
37.783456412405776,33,48.39375690565087,0.06315611864638596,0.07423579787509373,0.19511437284136093,0.019688332768347576,2.6048263139208303,0,12.128180128590913,0
75.47887550876104,38,42.578584895474606,0.02529766988174699,0.20873585321437177,0.13063489567717843,0.02415316002006335,3.061451932945447,1,5.882058580400998,0
56.11480940052701,28,44.95469222667299,0.12372125810494163,0.332798908812409,0.10777462021661662,0.09045583217484868,2.149846914161774,0,14.211401495324711,0
53.88998473872058,37,31.629141696033038,0.038351269124391796,0.16330113205348668,0.1712151835888651,0.0013526882473826475,1.7983533440473607,0,5.964860883703789,0
63.37325477593931,29,30.42219830254615,0.02087876713042179,0.076238928927003,0.17190476646583736,0.0027929017338107973,2.0296001469298854,0,6.825319022361984,0
57.25447624751714,31,47.70760449391259,0.029719407984303822,0.03895961495991978,0.06469656470091739,0.01899992834487356,3.502203332371388,0,12.250201466255234,0
155.7502435653293,83,162.64373502969465,0.2803609967986758,0.8426556680847938,1.4727998336689545,0.1856820422645325,3.8240612196052934,6,43.21341989027216,1
44.15833210078404,31,32.31127859263155,0.03712019929513525,0.23235630366629706,0.0007900547310619133,0.04365382375542917,2.37561214511665,0,9.073998534660436,0
73.54921205199314,23,38.01831715829224,0.01988844898637219,0.14462359519979323,0.013011042833701024,0.028538111270467476,2.8748199617299783,2,9.825078988341756,0
6.586870413527514,27,50.790224396026844,0.03319991600487621,0.14774015533137613,0.11826252737261633,0.0030349569044139262,2.3876553731993546,1,13.179213524418685,0
45.066493877537205,20,35.78327073474288,0.024448907034150594,0.38810053355851815,0.06282757564468709,0.0037205446746667726,2.806961327571702,1,9.381775371914083,0
158.45227834623208,111,226.72245563735856,0.2795225384193041,0.7910407688252875,2.4379219243683563,0.3766064454732412,4.919089747509028,4,24.65744923151185,1
67.72951011604957,28,30.56878088342448,0.05416679674549801,0.036701813087054315,0.03615512948743541,0.02465717167740325,3.222928668920139,0,9.949423805187996,0
85.30871416405719,38,49.781451834293414,0.03466059291567057,0.3074547836407857,0.05094224132437265,0.004500492289721493,1.9738917847909088,0,10.860483608869634,0
55.06401388320738,94,207.46707809384517,0.18322829701444815,0.7265081747728933,0.08072300111671568,0.29472210134165333,4.235825541334861,8,44.270654823561884,1
66.98115168456205,29,31.985373678531193,0.05409309521591619,0.28769680326802366,0.021142876373031673,0.039559595464046256,2.163231711150294,0,9.121364777304505,0
71.69337067885697,39,40.370202909515534,0.010061916041107424,0.12595059809508033,0.3221420368399781,0.04387279577098443,2.352110241311768,1,6.344135993711152,0
43.095075239267175,35,34.569636964059136,0.06952534849671288,0.09516070309045319,0.06143942897862216,0.046032440562032984,3.1160969446319413,0,15.456682297598611,0
38.069127207062074,26,42.96762458879635,0.058246197542903166,0.2717211880326899,0.25844597033755196,0.03073345822034416,2.190829864675277,1,13.604003493586411,0
42.17385478765808,20,44.83291600888957,0.03131390374717679,0.30621113489686,0.12561627230468855,0.005322161443811893,1.7106720239132347,1,10.80824817602004,0
43.25359965926027,24,40.5925337416532,0.051431629774405525,0.13510057949023285,0.20637775457688862,0.004275042621269788,1.527057061219294,1,11.763032513723262,0
113.76609861533973,93,118.63735519375983,0.2867554681839853,0.5604840836245213,1.9074956783204917,0.3073224166816439,4.344494233782106,6,37.27687971957356,1
31.353369879024854,25,50.21856293041491,0.11051690200058677,0.339581029242929,0.07327208448580974,0.0061956540730453025,2.982750989182101,0,8.660807972500525,0
54.52380496404758,30,59.50298385585065,0.03934724742498276,0.1441388032647494,0.11434455325834712,0.005198939022392744,2.838563492459345,0,5.302736197121426,0
155.60574408191044,99,233.60441164669794,0.26904056518866165,0.4956312282389471,7.138483177108801,0.2458118630345895,4.622298432907559,4,47.21007931703692,1
67.64139079738703,36,45.26675327012029,0.021351191651243488,0.20217832724507084,0.024494083889966517,0.0016808966092143162,2.1736228056585074,2,4.061733661360466,0
48.10403835447144,23,35.34769764382711,0.030609347783537362,0.019843622812573767,0.05817291463157107,0.013234189075185986,2.4659731356265877,1,10.872057401051547,0
58.13268516473455,17,49.64521772933956,0.06602844594731037,0.27048675808644423,0.0628942302701048,0.047646952975336464,1.9918365461442797,0,4.8198701321294335,0
65.5286012348032,32,46.628145929162955,0.03497891958414381,0.23741708907648146,0.1549247185371555,0.0004869576307714267,1.8872456598646636,1,9.708011452475525,0
50.847984449678336,31,31.517419396425538,0.04117927807924769,0.17328465895613426,0.0433174989388181,0.00902246065556958,2.8927422338119007,0,11.316988082962297,0
87.37831278707515,32,35.16547277582662,0.036718888326825,0.1535125704157273,0.0020026069419874495,0.019889762177007532,1.914664222603251,0,7.397452368528798,0
36.39079191950596,20,32.84945058774254,0.015253643125200615,0.2509065960220024,0.0462161711030198,0.0032050324955424096,2.858405425743962,0,12.163681177883298,0
50.52994453137114,27,40.47911529642177,0.014424178290922027,0.26440830811827715,0.1925603150838735,0.021542663506331258,2.0851847899821436,0,8.36482535990528,0
46.039083756887194,33,45.39766883219233,0.013134822366358137,0.3115000680164516,0.21840863540576302,0.003359211744015985,3.144166895108686,0,11.19631096587569,0
182.01623786270395,94,217.149586554589,0.4372224658190623,0.7040567025644917,3.534687868426074,0.34412352913019223,3.9096229414872026,4,41.741493695067376,1
-3.7599800358734683,33,47.90860481175191,0.06045763922613289,0.08046593877444941,0.06430798039387535,0.007221255899196691,1.8162692881396116,0,5.46076660233073,0
41.46197721946264,24,41.67366205038993,0.048110021733548565,0.09263555694346096,0.054293446618731915,0.02204647690696313,3.277399864379963,0,12.893696291131974,0
6.673920775598582,38,57.79958256223209,0.05979143050026282,0.35655381774392675,0.19950877296606198,0.029216955016295072,1.9942456696538104,0,12.577518274417884,0
55.926954652006,44,47.004122544703336,0.0630529536132345,0.05276148906756432,0.13852616976271534,0.030364142013918446,3.1472783604673227,0,12.246217925030583,0
40.559892737058206,34,27.086809059648527,0.030609640019871848,0.11210103962416051,0.10994246215623396,0.022431520201212682,2.7837024924201392,0,12.067308712563232,0
43.00220855812187,35,44.7543587949634,0.011959896972507718,0.16751056266541098,0.11242164383184992,0.017769167731218463,2.7025948698748916,0,11.806986644547425,0
18.12943689778531,29,21.109781676850623,0.05349091853816824,0.042924269182886256,0.2403626186180753,0.005067708128994586,2.1111254858562067,2,3.703302377127435,0
60.056835315967305,29,45.539161775100425,0.06192957372113601,0.027663952222932785,0.011852541060222493,0.027623658581050432,3.1611432092669682,1,3.8396968908770734,0
45.834026096323484,33,61.08375097190123,0.027149337922030465,0.05523546342788306,0.02560159573967212,0.012986142796712388,2.1298328046008637,1,9.9592168615589,0
116.52409483697973,124,226.36304634219752,0.29253860555541433,0.7591435156928257,1.010232331192458,0.2542504083636015,4.167125566116835,7,38.777049930693636,1
182.02012645350263,88,239.4563393944124,0.2500465615641447,0.49122602101089896,3.3576149453476867,0.3019197168446796,5.116767963769845,4,32.319028510240244,1
74.9231309840181,26,29.444433693255135,0.01858232538167396,0.0734490235761665,0.15564869782373145,0.019431223436949342,2.1599939407291853,0,11.573146487426108,0
53.192292550135974,32,33.09802334271069,0.036040283034076505,0.19964699236781738,0.30047389566232774,0.03321095115029814,2.264118413192941,0,11.07938237271051,0
191.34247989135292,100,188.36840627999462,0.20409271257974365,0.8803597596036831,12.445639689286189,0.4078832459118235,4.864086645854238,2,50.11392489862422,1
45.82165831984931,31,41.57553476707068,0.032221685574644846,0.13662880290048834,0.06149351013713418,0.006816608978235393,2.3248152065649967,1,11.093488870510077,0
161.56064939738528,86,206.91708547282298,0.35037774668807836,0.8723241713348734,6.017658029002333,0.4787425373464309,5.413802938112098,6,31.31130282287814,1
65.29449674631213,31,54.30158776090494,0.03902197088926634,0.33349059202257086,0.0005898497073252555,0.012101327025259408,2.55439352314833,2,10.419762477635281,0
29.17363023735579,31,46.88079007618368,0.03790639549430433,0.0887263870316918,0.12570756210370979,0.06428947133936105,2.6945867211060284,0,5.121416723678451,0
34.62925883220993,20,36.90386254078512,0.0416452640782491,0.26922730288722796,0.018308892573917764,0.0007669481945209026,1.8846659293711414,0,4.946606545438551,0
81.57225499957829,32,43.79789221746918,0.025050927683252934,0.21059025777034723,0.004648048532386771,0.0027123298462013606,3.115157763923057,0,9.36146117993076,0
65.30690196991975,29,49.078121973596794,0.03841320796110995,0.1017259080177799,0.06568231882183434,0.028553888905852833,1.873846313956716,0,11.392807759462388,0
46.16917160055417,36,41.735883853553105,0.028975545231844216,0.1787849010995787,0.08570452303529616,0.040269855527736584,3.742495141270058,0,9.150384296297794,0
62.89272245268684,37,39.22277782146015,0.015731528826428278,0.20662063923210808,0.27786721168730943,0.03200951875581761,2.748332538431463,0,12.748501014526589,0
33.39736443361069,31,44.31865753859013,0.09242487059423067,0.12653044182383147,0.14262369570184943,0.005041407745900522,2.4975148788533987,2,9.116267512594685,0
22.54854731092739,30,43.20980913070536,0.012316365352043139,0.20379151115804384,0.4096476858952063,0.006373026044327973,2.6636058396251494,1,7.078926272365233,0
35.81848116901057,34,34.377121815569176,0.10858107220381354,0.10733399125398778,0.24604105947465404,0.01188691913784259,2.602031922637436,1,10.888792767291275,0
39.0800898872443,28,63.62518806455589,0.04511129509575254,0.05927364236121036,0.005154677943748635,0.008579840075284782,3.3562026404160106,0,8.662205245011446,0
29.347648289626882,31,45.69366606577138,0.018222825375594654,0.12846769210396544,0.05120084062175946,0.052334278749845434,2.8108335794855357,2,7.618841335941694,0
39.98382127543129,40,50.11849971522001,0.03251993285225063,0.14878267205977305,0.041299485210425355,0.0018980127916354342,3.960994548155502,0,9.636604713966255,0
55.66830496614886,27,25.800329352779492,0.036337646454524315,0.2709733866054447,0.0036666604307789975,0.004221778997202228,2.361198774967203,1,8.349606226934679,0
29.689538979693904,27,46.146945374125195,0.004353301461101788,0.05542659749221329,0.038843083852161085,0.024156747334622017,2.2347195559604085,2,8.08896833987842,0
36.486926073545035,29,42.30634275059868,0.00773969016235503,0.2654838737283665,0.01589917217390321,0.01270369861972022,2.9436315425489656,1,13.945671046114292,0
87.01756607478018,96,283.5752759690871,0.23464480098906643,0.8239391368391946,0.47965205197170735,0.26743537251113236,5.306902665432947,4,32.43431721393719,1
57.98687666011436,37,22.869698093936048,0.02089913558726399,0.044078648548248604,0.0791925513773736,0.021130699319387616,2.8289454073336784,1,4.999001491878375,0
47.75593091031528,30,40.11972238469545,0.02564285835361162,0.19451832178429435,0.10386343302190966,0.027530111912708093,1.7850310564830947,0,7.098799098622476,0
54.908914645451425,26,46.09978700685164,0.028834009222634033,0.18253319750151764,0.005427843807049203,0.004225535616921331,2.473066139751295,0,10.478214399156915,0
43.091134745916634,36,64.66111731522754,0.08646133126476371,0.169620174438537,0.24338357270856104,0.009097472846467662,3.2097976982206964,0,6.322130205367362,0
51.28397452448003,38,31.469683997136595,0.03383185108058722,0.2425341984922934,0.043306072610675844,0.004520134063650009,1.4036720232988609,1,16.004694050628714,0
113.36822780182857,86,268.3299761228229,0.44247384585351707,0.6195109911557369,0.017854055668140946,0.29425054693588754,5.118216749291832,10,21.794676849371047,1
184.86353944321843,108,222.1947042992282,0.14691054524990182,0.8672718761545066,1.8261561551459282,0.33814831699547904,3.3147010524135165,6,28.020833872781445,1
84.56770123910873,106,331.8033043091291,0.1537333862788192,0.7933243603792599,1.6452781671806018,0.34525062627022635,4.381542987257266,6,30.860625897961167,1
20.2914716804942,41,45.15109644134331,0.01537640850119842,0.13955794962158538,0.14495736759349187,0.0069030584330738495,2.444385543222887,2,12.827237819939354,0
55.41136140226797,28,33.902419204011764,0.01918274996315353,0.23611417315191688,0.005312521931172005,0.004446631695801819,2.153514444047613,0,14.019515071056542,0
52.13045310205917,28,49.64297138101108,0.04861767450583332,0.12528172676990784,0.029909056838199805,0.007941319889305838,2.8358826154447607,1,7.078358702948748,0
26.981459367680642,24,17.84085679769445,0.024536221621227452,0.2640846315259454,0.3345638644177927,0.040074052520544245,2.9534246400751947,0,3.35347368329784,0
180.27719378158875,95,159.79613229467773,0.45118399449325,0.8418433012164724,0.5160806482496485,0.2940815439072755,4.514574034935052,3,32.8756004066,1
62.23155924449799,27,34.2728378134656,0.09235765784900976,0.05512346449021837,0.07335283259912793,0.018736713448856752,3.583752964549036,0,7.229781526156167,0
138.62204126319813,106,114.54801060921835,0.27259536226891895,0.758446697538532,1.2786560336757413,0.27758542564530714,4.728983560775946,6,32.71020837340364,1
45.15561816198743,39,42.310462472665904,0.004271753080431941,0.027618535422219898,0.1439063230985855,0.11823559125741813,2.0872198253246785,0,5.349489929805749,0
69.79456134394034,27,34.51996495191452,0.02312200210341501,0.1203678227665547,0.015153053573310888,0.013105735728777561,2.370012163423383,1,11.466236886454137,0
41.870934629095615,38,44.842302194421215,0.016916782511154003,0.06522594760985197,0.037550834005492244,0.03980810631820323,2.572348423330089,1,10.279681016189217,0
190.31403749098004,108,157.074077456679,0.38662755325044035,0.658663482215073,5.58227610531799,0.2952881749503114,3.9520908056328605,3,50.286016409373914,1
36.59190631184943,32,42.89035931724454,0.024829343842822812,0.042531597553227,0.044769428747709304,0.004402919043006918,2.5869842990872836,0,13.540156528490469,0
50.62683630051709,39,48.64233241920251,0.05004572221056126,0.12634532119802128,0.10738069833602777,0.010875376934766085,1.3687485713893308,0,5.72918675915222,0
139.86885194047414,94,238.94556723443105,0.3811889946733893,0.8147385992991181,0.06159795415494132,0.3229747151616386,3.982128142778004,4,44.96120611605936,1
182.15476666888836,106,215.9502547528438,0.41843972552839576,0.8326449676811539,0.051838507616792935,0.41584607891770964,4.5052853344909405,5,35.32456884612393,1
44.8836217020091,36,46.55134237033134,0.03683945773879125,0.09193155214856104,0.2713438053516896,0.0016823298606737193,2.5334254806575762,0,5.367276133810944,0
42.19095672620193,39,35.39282721076418,0.013323428115778975,0.07664061762959681,0.08108699539147506,0.00030875798690168434,2.649429407560691,0,6.285464348889903,0
45.49196697777643,36,50.264874888343954,0.060284640506564416,0.24522181407950014,0.026397552228677096,0.007045966061031151,2.709269887648852,3,10.968521984883115,0
45.405298519070115,33,35.685578196514136,0.04530247755929825,0.06939300563342769,0.15014452342700346,0.010177293621682522,2.2666827730296832,1,10.787014669032637,0
47.82162281608989,31,27.101464670696032,0.016546301936261616,0.1617784407171577,0.0037979248554109225,0.014356134740707531,2.5565851700626863,0,6.055570893453779,0
53.60631721728155,26,45.96072072389002,0.08127548226995336,0.19338498044307054,0.019271963378131644,0.004251276593726456,1.7498133961180098,1,5.999053941755135,0
159.66292728879677,104,207.04230718023993,0.28541813304300306,0.8913112998086702,2.283459167123358,0.30158431095060856,5.116594210594695,6,39.4549574434434,1
154.83311070264764,114,234.52811967462017,0.36614215005085254,0.8379360022399793,3.8369495022624722,0.2232986878795896,5.580551833289107,5,39.05169027606931,1
23.898095945443323,25,47.92495951599014,0.020409438942381255,0.3448716650997864,0.2640631756234214,0.0005473231621313212,2.759168210594721,1,8.667135906365491,0
127.11956891085016,85,193.62789153561374,0.5076974449683387,0.7407212264273344,0.9480708317194133,0.32591795167309795,5.617039646498599,4,33.280466673073875,1
61.56512998346322,36,36.94519680242061,0.03576962377692149,0.2668436934714124,0.06546573784659723,0.0018215120670331101,3.504444826552369,0,5.410696030824935,0
64.89128576760885,38,35.53233664644244,0.03744277138165877,0.09667042597807579,0.061554952329533355,0.001431419246049953,3.043437805849382,1,9.265063252246685,0
87.45420419416675,32,29.60975610089745,0.017584838157971426,0.07497569244381616,0.014197370013210201,0.004745273892011873,2.4644715145146607,0,7.8569421342010415,0
34.93755598993296,33,37.320805269687995,0.03094505773979074,0.18611069838910543,0.022958304802665544,0.011093785611981394,2.5008955362255567,2,10.559824537719523,0
56.38795368452291,101,107.89167916218558,0.48305321096865805,0.5539673578500449,2.177000026026307,0.4390626955077648,6.050326398591518,7,54.704828036715725,1
41.057210613699304,37,27.436429311869688,0.04075944498609414,0.12409547234879635,0.005140022459110056,0.00354266727839331,1.8528355252955588,1,13.248647957266787,0
84.15772506246932,37,37.3817279756463,0.04776950475204322,0.06244934233186109,0.01301463195381874,0.016205608556688466,2.202214331575466,0,8.800600204235337,0
55.584766390350104,41,53.350840312268225,0.08007858365437638,0.17807346706995114,0.024725638239462572,0.027520689415217226,1.9319910172898034,2,11.341605814954342,0
50.630512442365266,36,47.68655340674645,0.009136006076287142,0.04875784809833522,0.020308647094046738,0.009853142381530221,2.1988622375261877,0,15.370439974523736,0
60.80073229582747,25,44.61784785460871,0.041325345567674,0.09751968008334351,0.04485737364496936,0.0128139550698948,2.179073296245117,0,10.782902705246684,0
66.2509627702458,25,41.72777298531756,0.033439212227639174,0.10019098024632903,0.156748264209004,0.011138705368319375,3.2297319876454145,1,9.067150954786754,0
49.47519889401591,18,43.29825557150378,0.07304283043640566,0.259618664115,0.05126743417150084,0.015353321098047207,3.281649904499405,1,9.742202465637465,0
129.93657548193707,98,205.84603224055002,0.5145959699598078,0.6927668445648001,4.302340455995105,0.2780045464532231,5.046363243897267,2,36.74735233401629,1
64.9573504164441,33,36.72796645824463,0.01088214106311144,0.09715937786695039,0.260524150275278,0.014591969981413015,1.5295014620645988,0,11.329228776513569,0
26.223429794034388,33,42.90663979929165,0.03358054951226597,0.3192087396001392,0.022863459534271196,0.005367440476433637,3.018741230810496,0,14.848974495990376,0
56.19656475201086,22,34.0986830500455,0.09519247890132776,0.16875983672203443,0.0035977621735316825,0.06101401497281214,2.4801271186999845,0,10.904079880045783,0
63.37150672195381,26,54.96543828174043,0.021112084250235058,0.2114557937310634,0.044307563161412294,0.006530609993739146,2.4450179833747243,2,7.822509070837467,0
36.30178026480227,28,48.66359789828916,0.034874765853784184,0.09729023965782863,0.022356519273146743,0.027489680610373508,1.968373038298355,0,9.603593125071372,0
41.116297798687995,21,48.917676927887854,0.018353315657133305,0.043368686279599146,0.05874473804333313,0.014391321427447444,2.335983231614661,0,14.086972138385644,0
22.298532281531894,31,28.15319322797004,0.07161736347357049,0.11475334727132179,0.003829852817227033,0.09282166476328368,2.7732649653174604,0,11.51016788660758,0
52.16495570370709,32,56.683178663532495,0.03412814408828134,0.11574726446769458,0.05089999468542638,0.05537489759639932,1.8814589541593172,1,11.342149132733985,0
71.86873492103858,110,155.80680051566938,0.2286400572497013,0.5968056542579693,2.194705603810738,0.4022718736212609,5.38993301307247,5,52.63000853020108,1
54.84381799451952,30,36.942012075889814,0.03557901955098193,0.243081719579544,0.12425717476780557,0.0334121991906615,2.211655608734733,0,7.669899640320592,0
40.25493075503135,24,55.91586107353603,0.020979330199229245,0.030293270534496645,0.08472413664782646,0.023263188217364634,2.574625627899688,1,11.201532099923847,0
47.71690891051924,29,58.44419466379897,0.02343732672698329,0.09009826535707775,0.010510785042128464,0.09581762211961282,1.7103823129648952,0,5.592191244391126,0
73.83993179487335,27,35.61262771616602,0.0628131515797041,0.2409878900313923,0.07141620917426357,0.005520012474167102,2.9306691701680556,0,12.06241909459296,0
20.75898787317777,37,15.967045085286266,0.05644503645649984,0.0792253528066304,0.08439188627229381,0.036306588828755364,3.0575347397073864,1,12.704593683982154,0
53.307239459674875,18,41.2370120923867,0.010500624929371212,0.09304756850739053,0.018263956899764712,0.01820161159768066,2.7765289795012493,0,9.47755051691365,0
23.19563770482151,28,41.847113137955624,0.010961239241376024,0.206915847963412,0.03944998450098582,0.006048277684442143,1.8891749097391284,0,6.6195175145324825,0
30.106763293341636,27,44.635521841813045,0.0035442240906724,0.158682161011054,0.15629271800573433,0.07348929197890054,2.594652662943243,0,9.506305194576054,0
35.47715207048172,30,36.50761220676819,0.027364331432301662,0.2604065882348713,0.24731544058656163,0.0010241330123230534,2.4031405658983807,1,10.385210517321314,0
97.67128713806868,101,223.79526187353312,0.39093770627747243,0.6885750779827927,0.5913020502804605,0.3746130882783072,4.65457670834858,6,33.335246062323954,1
131.52394747913644,87,202.86424076063975,0.36838902374346705,0.5773216703741342,3.630752512535799,0.3133720248356364,5.314742863011821,5,49.4840178753649,1
54.455291990175716,29,38.75202799884104,0.07822846800836711,0.3423194627325909,0.12780537464061023,0.013625128321499789,1.8863301400373622,0,12.156264198867323,0
53.20258253081326,24,47.28997180923045,0.03647230270101248,0.012060880908095442,0.03991327940558904,5.546017663013302e-05,3.016847077620274,1,10.052018890636257,0
70.53561879061141,29,30.176723918396604,0.051568517016098055,0.2156030424472882,0.11251967990125006,0.04618768277522656,3.209251369089108,0,16.508922668436817,0
220.84052761856583,110,102.98664206933009,0.3354395208729114,0.5036337498505015,1.1653602730429355,0.3691526084774087,4.673408780401125,5,45.96204166120535,1
177.45382078207717,109,226.49109587877513,0.4184186643233059,0.7634707665549707,3.7433681824141503,0.2295984108802098,3.715558116077061,2,32.27835688488699,1
51.770550992933,48,18.266655501548804,0.02561724420731991,0.027008163656901535,0.044981524278483155,0.0027584960157012914,2.202960767835062,0,12.073592105088187,0
48.84566095449735,23,24.93260838981449,0.023966082389406264,0.03980876153619885,0.03306205873460521,0.029130594779642548,2.909952944921174,0,3.419232821129647,0
52.086857051593576,31,26.173455839572775,0.015006698826801687,0.053722134159013224,0.030308493115134255,0.03268852243557789,2.288621758574067,0,7.517247432840318,0
44.98545689691484,24,56.45570610572387,0.05713668253571182,0.14373575073567058,0.004106907813112624,0.016180428463747665,2.3560453728688495,1,8.7525130236017,0
51.72147514065512,28,43.57238183662919,0.011737564887523077,0.0516360777834042,0.018041220295192725,0.02228904734514838,2.8783890873860147,0,6.80860347523065,0
30.096884189085337,34,70.71025899194962,0.04594691275380822,0.20940098602713317,0.09240581208265296,0.010301289762040157,3.4443701448914092,0,8.741926763250863,0
65.54248259932554,33,55.91025271538286,0.031091807867719597,0.3465809926453077,0.13165673245109646,0.029891891729444696,2.638277097441948,1,5.99738693258177,0
58.2814193030854,30,32.39968499320231,0.019439085470837673,0.09112907186873162,0.06924209787424444,0.0023139906637439983,3.2523699686334364,0,8.497672622397497,0
174.12359894359207,100,184.02116862663172,0.45836486322500186,0.7922899362214395,0.17632975502199474,0.3785873013771559,4.670969855814136,5,34.96264210105805,1
62.198836625159664,39,33.076893577250445,0.04635766599219173,0.21032670663882683,0.06765268852247866,0.00518536119331395,2.865637566182617,1,13.500879740973506,0
220.27466375281762,87,136.95212704294602,0.12511251507726998,0.6038506714858072,7.098887488800658,0.4054303418115756,5.400621522407084,5,26.92814427019428,1
199.99274875316058,109,185.900371755915,0.5877642646764899,0.8823335861883139,0.05406328639436345,0.3056700828297562,5.324618770561585,7,53.09118259475401,1
64.63753620958302,36,36.717081226699584,0.03033447673996716,0.10520173734827715,0.019436535837775826,0.0007828659094264864,2.2339723560000184,0,9.565225376133151,0
46.14033216625292,31,47.71643656432982,0.05436517855630204,0.07119751387877989,0.5728552770269916,0.0033612290734767536,2.926651837574479,0,8.456003076668761,0
42.066953422329235,29,21.52194543523354,0.03922814418731679,0.05328812122043986,0.025532508105036905,0.020220123766720412,2.262955085170884,0,9.162112037809148,0
57.61273150245471,42,34.6555117022995,0.041302374780452095,0.030571738847214723,0.10810136844744381,0.04467363779293782,2.2765620604072576,2,9.303332028783624,0
24.39108049390204,38,56.248247171931496,0.024994232937610696,0.41118871886143643,0.13987780416006054,0.032582105216697764,3.610826405528574,0,10.439316092642564,0
55.54166733993402,40,22.84847945614141,0.028925077285769634,0.055328145936566334,0.019128038359247673,0.011845318642303286,4.315443181175038,1,6.493403586813978,0
71.4574012554326,27,49.54778747957602,0.036738852687626056,0.179987444603524,0.17502012557739044,0.026225836688362744,2.9256592138352246,0,11.852392948683878,0
62.11244164924571,29,30.89605249057994,0.07456259340122591,0.11678098759886488,0.008653298058368333,0.009905176399800753,1.9809310835994811,0,11.72576683484872,0
62.04575804340978,37,37.86327157106252,0.00876263356681415,0.1542308732547091,0.19444761834271562,0.030830492744692434,2.574884048946923,1,9.663572419387823,0
43.052316441954076,24,36.56620430561307,0.0663335324486006,0.3092852282525961,0.012982459159643567,0.017114475021397468,2.6352965981541523,0,10.210603673791981,0
53.06595100861539,32,33.3485805472944,0.052397962020056955,0.3603678419210944,0.07772156940722307,0.005069015450793517,2.2600334587430075,0,11.908887431435172,0
160.8104455995734,85,173.8060715976929,0.18821262850127973,0.7940812320154281,4.743919515932581,0.21703744423927582,4.393094021080271,4,45.581684339772146,1
65.7449419294031,33,48.784206929426304,0.053666056038783924,0.30849088340499536,0.3221589289987714,0.00818259510422754,1.5051659252607008,0,9.700384586869587,0
32.32673882225813,29,50.10819654220255,0.030323863100324328,0.0468725299009053,0.15717964915705984,0.011013559825042726,2.841332127588182,0,12.784244790398194,0
67.49897163886132,27,45.8946009496055,0.011632943883227302,0.22618275504201896,0.05976830215573278,0.025159006454747338,1.9996812654058709,0,9.509354741017438,0
35.64662940649939,26,46.20431063751215,0.07142669036476662,0.25234961412454343,0.06828794528962194,0.017798540306390935,2.1698216938921058,2,14.152085573548637,0
22.803244314038253,32,26.05483133465399,0.07042215178301969,0.10587259991175334,0.03271356422383547,0.03350487705287811,1.9196067027795005,0,6.109170551124175,0
40.05298831260588,32,35.56919037623416,0.05511571153272942,0.12308005224819042,0.024979154408231063,0.0024874311752727963,3.169531306565693,0,6.445259390839915,0
59.59300726566426,24,44.975931251110026,0.013626890434412791,0.1805985526201506,0.2321165988795686,0.000640178632023018,1.8917821245996362,0,9.120118385736932,0
43.30554934629578,27,47.56202458226546,0.0080387758441809,0.27407780266692455,0.05607859327584639,0.023669441543491897,2.87261528421215,0,7.590538462555147,0
61.59049810342227,26,30.479604215916886,0.04521594464016287,0.2705820509520438,0.06103127774881511,0.011465412869607474,2.7919783191556014,1,9.508634033948912,0
106.2790028453625,100,156.18812799168242,0.3115674991655415,0.7791422075392944,1.1358620529505152,0.39169394536214647,3.7955416843194287,4,54.60844097229831,1
181.89277205811194,106,242.83358515233954,0.1657789982359593,0.6392825122666607,2.1585422478774183,0.2242521875388791,3.846949328496614,2,36.629647271199254,1
37.33699150986748,28,45.347297049425606,0.050851651799477426,0.2099301445207144,0.04181462804424986,0.016371184916457227,3.54879912639504,0,13.210954148196727,0
15.05266675828603,21,28.633053259101633,0.04231716554152851,0.1397251076992856,0.26135369950125314,0.03281177938242873,2.9623867752719266,0,10.220135056037268,0
80.82842858816194,98,253.5621343330377,0.5985411961301887,0.8487733086475171,5.95809084800325,0.265313657083481,3.3933061599850802,5,49.76536409901493,1
88.68541388279384,107,246.51601099873966,0.3504876451545522,0.8928481317059184,1.5599532728837973,0.33936503786922584,4.090729287151594,8,31.5474989220226,1
37.03150410654361,34,38.187896497660525,0.03741032072998503,0.050891545523982666,0.10561268246952314,0.008059030800960144,2.2595876373206827,1,15.775769401116627,0
42.81329149475495,32,44.408333849368645,0.04341591395189565,0.027936662051373417,0.0652849133478754,0.005120166743961579,2.1438291525842423,1,9.64561030588241,0
178.8727982064738,91,151.44954477240412,0.15130560767367332,0.7301185502174933,0.4406199992220059,0.26126007946472496,3.3816951634162358,3,42.34480947975018,1
63.850560044781346,32,51.55035558736613,0.03630589333398418,0.07943350873324591,0.05573563002641942,0.033035965326126834,2.8464324670263843,0,10.038943707320156,0
33.091258779855096,21,38.54630357396183,0.04961712465267289,0.5292619733595234,0.1611931607815889,0.026125638532823826,2.673058261408345,1,13.043666371443972,0
39.098720590966,37,36.923695671937054,0.03768565058447056,0.1630083510932887,0.07797047451573645,0.010807945337333931,2.2773944695353157,0,6.894698799626894,0
53.451888815715364,35,46.35895707030111,0.03640073391578098,0.05851388142637163,0.1317094408559034,0.0010401362388663534,1.8900484309968864,0,7.252446943674718,0
186.5786505910608,96,125.89806089531275,0.4973850811181277,0.7404823853768829,0.15836177414083086,0.26243504519743155,4.4252632311573565,8,48.76462101211784,1
33.78246101586787,20,24.553574667466425,0.06798868351791731,0.08892774077218733,0.05205604860383653,0.003199794666714568,2.294759336325109,0,6.887093329389831,0
38.462833224661615,33,46.01521303708789,0.031610857038209886,0.03556329929105222,0.08662636918983091,0.007414716026652239,3.2064225188007733,1,13.421857500916747,0
38.773153382223384,30,57.850277301850625,0.004163128258033342,0.08860858080262345,0.17161035242318998,0.0015371165028112016,2.748042120280782,0,8.433885753906424,0
48.774628897777525,26,37.24830957699234,0.03891931821752167,0.16345171758193924,0.013821621227241046,0.019925964985220108,3.0405986402077345,0,9.782419592377089,0
43.588494626766796,28,51.20363657403978,0.03399669247853481,0.32690694505664564,0.1859709773049899,0.009474849098355045,2.7035423286899936,0,13.711349561593504,0
21.5575693336053,21,38.79723343248927,0.0486725502702825,0.24741894111222704,0.03958107776131462,0.023032654052013195,2.4300577681559674,1,3.008579396901064,0
56.95778730288194,30,42.32555736381762,0.009797239686063655,0.3110934447445704,0.07251920172444874,0.004156384723273981,3.7193839973028178,0,6.329125677542551,0
51.13519220477374,32,36.812618775732645,0.045276709502010626,0.10008828085645927,0.2137226372067056,0.00544529556955468,3.2482713516694175,0,11.192956372881639,0
69.39485969585246,25,54.47120081437177,0.038711319823504585,0.1374810575504174,0.2774882851639961,0.07287147133047779,1.9455204088475044,1,11.899949269962388,0
65.30116572272372,30,36.37257751374719,0.03145661102044101,0.20274416180277252,0.026316062126306425,0.008391400771429473,1.009399753561787,1,11.616959808653139,0
31.436588633710464,43,43.251256262470235,0.06115258966974077,0.199267641761805,0.009684449653450132,0.008710997014212418,2.192824949513917,0,8.37649596625014,0
36.085590170525194,21,58.38262158079357,0.037619376512736405,0.17993092721394538,0.029816075101987045,0.011429537356417026,3.46270629691588,0,5.73796215365004,0
49.28285762657032,25,52.15833788334212,0.07558877584630293,0.2580290520403507,0.10139968543696842,0.03399958793214951,1.6870549981434717,1,12.938885243196907,0
47.99878093049539,30,39.49915158972504,0.05588800606592394,0.07187238194112151,0.09433066640162785,0.012770954903675247,2.3385592917200926,0,7.57036493490841,0
32.74337252971131,29,26.072232838403913,0.05459221174119699,0.10370933552844508,0.02523276785315002,0.0033032464821090755,2.6425487069603815,1,10.21318132175905,0
151.85389261202926,101,265.63414870933246,0.26247476860222135,0.4914449291041672,4.761487688369627,0.27713299742183534,3.8681962696868966,7,23.862053476095117,1
33.72267074994508,28,29.257458007919723,0.009531389012629926,0.1530417856276187,0.02018108538923133,0.03666911589916187,2.8211176497303363,0,11.925939175879988,0
48.7577036259702,29,45.84908003375016,0.017676884033807523,0.1283537830434766,0.031212567720888207,0.06960918696469799,3.262822650322361,1,11.17116309648625,0
25.466381845028,29,38.21644987257132,0.006006666663350091,0.0886428145555649,0.04329332799271782,0.025054212951050404,2.4024826501050023,0,9.251507832748334,0
38.34309940647641,25,37.73096587771524,0.01571721286083732,0.16095432487622005,0.11715634250709582,0.07178440262099052,2.8165444330132923,0,8.110371129860956,0
167.5821116261153,82,182.41194810190808,0.1620539297582068,0.8792142505898205,4.337766644647243,0.2566394060775113,4.088458561690068,1,52.29287643284608,1
38.10744329962726,35,43.48583071088667,0.0011633078740276056,0.11242685261951364,0.18461405567004868,0.023497414903044182,2.465907842506052,0,12.596810300978877,0
64.91310463282326,37,44.02267321133818,0.17374312742733283,0.19736848947803343,0.06952260948160176,0.0021620019358005852,2.2992396312966794,1,8.843475723208577,0
69.33169636161517,38,55.24365342097602,0.005227438412697759,0.13978039772653944,0.057667526003635096,0.015076027539372686,2.3318211738417776,0,9.238237083493143,0
124.92930344662123,94,193.17861633595086,0.3425699114049774,0.6139823250084512,1.4072017625558966,0.3263670882175637,4.4765497110773005,4,24.890745871379583,1
111.23040326551737,110,203.5490222378375,0.4128143533258948,0.7427239173152735,1.0843847040621946,0.2613165833870327,5.062047258330077,5,39.86048030740722,1
61.681828104145254,26,38.88330274348747,0.09405043857373353,0.25902456278065045,0.01897356797928365,0.03824623730246113,2.7651473646151516,2,5.591267163712983,0
42.30892272002024,29,30.85908840438853,0.04091343105962328,0.2825233931903869,0.09452788903364209,0.017794010446726308,2.3601149599349207,2,11.392553525326498,0
38.87004517114258,32,43.114589679251964,0.041327422911445165,0.19137399236811126,0.013218565157130392,0.00964554358740191,2.1901741074695757,0,9.557487434140521,0
77.49215029385324,84,227.207248860522,0.5801441398087503,0.6828669799372683,0.09237946939934291,0.2769430584465707,4.760716076014811,3,33.99493573559553,1
138.71571529304933,97,162.50073766366927,0.1737203811865725,0.6667772958220661,1.9884227723045387,0.45848436280868743,4.919108107140322,4,42.91516691170927,1
22.00268534132996,28,39.53884076553903,0.0319290950692291,0.1307237878802498,0.1409870798019742,0.023862228987605122,2.927687507429434,0,12.838927346144551,0
80.91022000017655,107,194.12797149082402,0.37064375696653457,0.7692478133244031,1.2902145205200837,0.3646371427086685,4.674786078621355,2,42.135761498844715,1
198.52202639819944,80,166.46589840362353,0.31835830603466825,0.7624177606948748,2.3664488433449336,0.3488658452187125,4.718480764970252,7,40.475657696275285,1
59.59806768570914,30,40.69363317987941,0.05830599474533005,0.030200478255311736,0.12271617004663567,0.02940949172869969,2.2097436611798136,2,13.832282558489158,0
51.75474672971258,34,35.54094024462328,0.1651130062032003,0.43997502403844174,0.10971189714048378,0.0729427066067558,1.3537100991762911,0,11.712281187677684,0
59.74941641139636,25,39.109060201116414,0.021079526084185438,0.11428481666902036,0.11164497602273316,0.019320436414746636,1.8967961592797196,1,8.78105107551304,0
171.6985651538036,117,176.58917087516596,0.2415685939867225,0.8636955462215362,0.027836147474374323,0.2825188049928927,4.325651173138212,4,55.607316102440336,1
23.812711927805648,28,49.48490389500993,0.031374810988741564,0.20376339747842087,0.16934346691534596,0.00642672301005335,2.5241862515897955,0,9.453302243736,0
179.74478917877715,115,271.5297781933707,0.45476362320310465,0.6808010994128979,0.7340032422824382,0.3522576605734796,3.798743733184786,7,62.2639768571271,1
88.2921570383268,101,230.16822552400765,0.3112603858124236,0.875214809918528,4.638493765588774,0.3523571992573262,4.678994542480795,7,47.40352501626271,1
39.268050152967454,32,28.904005630284033,0.03847122588484417,0.07379569858326974,0.13522824659810176,0.021733431995578974,2.4150455345183564,1,10.630979362307311,0
53.84832950459443,41,34.88102737401288,0.01028536239620776,0.11673060670488504,0.009916396913116375,0.016224826936802092,2.3814678400760747,1,6.949190084183641,0
40.830191191918395,38,35.2295275350639,0.05600962481014016,0.21632237934657195,0.2389999855564546,0.09768291301158334,2.7788782468169835,1,8.623208665054749,0
59.567426685658475,33,46.268044088864585,0.016847242800820422,0.28427071797942166,0.013034577574532982,0.004563591890867149,2.2001391373219312,0,9.996926105439798,0
37.13939816042789,27,31.626830359576093,0.011850419604839138,0.06698872515961404,0.04187632148729011,0.003146051904964659,2.2027649020692635,1,8.651419711210073,0
64.01961339703517,28,41.36967460632676,0.0690559407097039,0.13670395126105137,0.01923118018362784,0.003025327417335378,2.937224495383968,0,7.484353323696497,0
117.50899925967502,101,272.2039364677285,0.3400168215804743,0.7320714612625326,4.4664336858746605,0.3350343985337913,4.062506152744204,6,36.55880181683319,1
99.75389376536344,89,159.05481625342014,0.33062199749823834,0.7747064748969049,0.45659225671237974,0.30584524668090585,4.138910967899248,8,32.7196011409126,1
54.2672381560031,28,38.782073783378955,0.03899762960259315,0.061555144812941866,0.024393832470908705,0.010538386626818183,2.5026940753621147,0,11.549650258166029,0
61.53472680094221,32,47.6906923633054,0.0378973654049426,0.15831928662762942,0.008098333976664212,0.020526304688798604,2.9277747953239945,0,5.839219535304946,0
61.91245567910389,24,52.58358841008498,0.053385710424837154,0.15794783453817196,0.02529678164387373,0.01425849785884697,2.760087781685622,1,13.911128094257935,0
46.96453900387945,19,40.87754886837915,0.07503836044217697,0.36655687612949417,0.32488360707122826,0.03871355395372267,1.468457789407938,0,7.937351689215852,0
63.63808734545613,25,30.637254939340565,0.05954020491891523,0.17507792563977234,0.09588380395750745,0.045479347610885984,2.5701371056187727,1,12.702780129715597,0
72.22175011895379,32,44.09144583152051,0.06722524895663204,0.359430024636774,0.0059997747357508095,0.04636150034643041,1.9012801489964026,0,11.899723020222762,0
56.363646618823175,24,22.694468986692574,0.02795683688799007,0.34368854483476347,0.23634526389277408,0.03967888564728738,2.3361708034684625,0,8.335482073783488,0
49.64928533574891,35,40.7743788757483,0.044399108866988474,0.052135817746744584,0.1079525793919828,0.010143815257820795,2.372351191331665,1,6.626277490080522,0
53.42776083898961,24,35.23316452122397,0.006770228127965587,0.0488237955225709,0.04660581180049124,0.020451137959346496,2.4914271080580184,1,11.754083081676757,0
48.732965371668094,26,55.36279995825173,0.10808321096501336,0.14347641466270347,0.20210459820012494,0.04424926159864637,3.2106538132707594,1,6.28741395918141,0
110.39595506245458,117,188.10025745509148,0.40621882478958754,0.47243730439858916,1.739353886657473,0.2905172785901189,4.468192855021865,8,56.639367811621426,1
93.1929320728544,112,217.47252474608587,0.44648315194512717,0.7839521749623898,0.19344265628475535,0.5053530905165752,4.635337301576163,1,55.24296057222354,1
55.84664664911998,23,48.33410503924941,0.03215782664133604,0.21551120676938962,0.023433676802859557,0.0015931279732318477,1.7827834274147167,0,10.307120467774862,0
72.00699417424855,39,39.95285007929761,0.09055600275990063,0.344175846418212,0.2522726057139579,0.00019949943686809065,2.989344549077747,0,6.843362094131922,0
53.55895218231895,32,32.50135931836698,0.03460142695582883,0.11329883574031,0.09486326945742796,0.06499302290703388,2.6194250480413097,0,12.496005830311105,0
210.16241314344876,92,245.14907701727066,0.38069435913463184,0.8819111124486436,1.1814518414069421,0.39135153556621854,4.355710419763994,5,49.21850063634419,1
34.007997778575614,25,39.18363993378415,0.04291553737431579,0.26818816231249487,0.2385315854301729,0.055781015984767826,1.9967844411497104,0,11.535540892110486,0
37.32566002695115,31,44.76112622262653,0.039203867952458706,0.024276613254020116,0.0073310400131997066,0.008316234831990862,3.1509542428341426,0,7.479631535143395,0
57.640244027506064,25,31.37891926887445,0.047289234446884834,0.3158931022534753,0.3174500229092551,0.022684158121609913,1.982553355380297,0,9.905404358207898,0
49.71764478998583,27,49.638911022253055,0.033243729335416826,0.12057568788247759,0.07363657620643493,0.013930454223118047,1.9552235114627545,1,13.19020711222382,0
56.9889956255203,32,53.84566675178341,0.04634736675108075,0.16357175007740604,0.0724020925802298,0.009985551468275216,2.0121063513678674,1,11.559226279328733,0
25.91016759281593,27,56.24192427556653,0.02068132643307621,0.13128022842365653,0.17102657304736094,0.0245169565233248,2.2529510939869355,0,8.8138823735381,0
58.55369587682196,28,22.727383081600095,0.03366949809375495,0.03811662965413181,0.0124371953984293,0.014433352076568007,2.5271447776211087,0,7.8078407751542676,0
53.28795194338505,34,18.061526972404216,0.060439611736514874,0.09171696348860825,0.07257780259971086,0.004035458155668695,2.2370745927714655,1,13.902774582718864,0
54.92181974079425,31,42.34050498482642,0.027334712302249133,0.31260341463620106,0.11375706557045372,0.05486348813668922,2.8706944453449426,3,12.895425965304412,0
133.44478845015573,83,169.36423405113985,0.28674512241541933,0.8631520814763731,2.0553739963123854,0.3528206900959403,4.864161984450345,6,36.02026434957024,1
40.78101182762591,33,48.88658047971434,0.019899520596584886,0.14683810429065108,0.02104744600511798,0.01815912446826895,3.1283844840664043,2,11.138012787639454,0
52.520757494077074,27,51.8105528275451,0.049540951074611504,0.24752047036950342,0.1075042412148308,0.01975834674488439,2.646368831709139,0,10.813582378432013,0
34.981089100979034,30,57.335828533275716,0.0488904706204443,0.0776152077112948,0.03149954045286555,0.010012974334167746,2.6772164223625543,1,10.714923762697138,0
59.97039033302284,21,34.1822053752272,0.014194482959623259,0.137123119109123,0.19893571246371133,0.006566174323691544,3.054558993780325,0,7.239486189310495,0
65.14164073916027,36,52.80709827920566,0.02312658416064513,0.3897570972912494,0.050582666369590426,0.025395116592954126,2.797013741676894,0,12.019796271892254,0
36.03223368606814,38,44.28102352804542,0.02939453816012899,0.199282073619002,0.10466634218525361,0.012880950444146529,1.508955216678374,0,9.514312783562666,0
28.944030571248945,30,39.09899323990759,0.03765444664983215,0.16577377407909116,0.09715451364809746,0.023120691537175945,2.5602466203149494,0,11.175962650033597,0
46.03666143571147,30,29.080747438032766,0.02955790332515276,0.1646657906899848,0.07323096113515619,0.038878728562008975,2.555150605553823,3,9.327867035656116,0
42.95015278937588,27,30.40212542211589,0.004271329101640489,0.20952868847231468,0.02830665484948319,0.04092527961722957,1.3663732511031097,0,8.588135783705704,0
61.921467646584,29,41.15920857450233,0.008034994959028645,0.15917946727920626,0.0245097064638416,0.034312767239396004,2.384065137572815,2,10.181412141084454,0
70.42844305162845,21,30.896827274369812,0.0027171724472117124,0.0264907994223779,0.12724708735099782,0.025071528876021845,1.6574260945253942,1,5.265214670670092,0
156.34092618647944,110,198.74555609045063,0.2544630026358201,0.8956979630241725,1.2283432228840967,0.19213097778426247,3.7278845965015748,5,53.78993859774927,1
66.40305948699057,31,37.88307654067038,0.0030840346392683707,0.3411775428249361,0.10277952644396392,0.01313447666171152,2.3306670558893074,3,7.362380680498639,0
54.529598953884566,39,40.30592742597277,0.014833594037463581,0.3300828154551812,0.035290215257930496,0.012268024945415734,2.3644451939063504,2,14.711745280790751,0
20.213861228213258,29,43.11277860301977,0.1247197490768225,0.10292683031688127,0.10399249891992293,0.03610492822833772,2.3126724395766995,0,12.991560988470026,0
36.81436233225011,35,47.80376589601744,0.014106254865261457,0.0983101408348807,0.006205671046397049,0.03850790728213045,2.381276343491875,0,2.8434977934408217,0
37.14256913210971,29,29.08468422875645,0.03487586438038767,0.054616142886241455,0.21191305611851508,0.013212953934885825,2.7157511828818395,0,10.293383833123746,0
54.9317642445978,35,57.07813508744007,0.06126806939711805,0.14606660032866248,0.023974500202598763,0.004451206831153718,2.517104016309599,0,15.614077492581856,0
43.27669459153633,41,51.53348115289464,0.042922364826894384,0.01562555415851465,0.08134939160177442,0.022671792841213612,2.402002715264937,0,11.42425105238711,0
56.07351896400213,31,41.608962107665555,0.038966242343180385,0.16765756888080907,0.20875404245753268,0.00990406038772257,2.7583557279529587,2,8.758776634944308,0
49.45428705766622,32,23.24978730131441,0.03512264886430074,0.15071302747769175,0.0016449798056341878,0.03187406742019914,2.4113217917316514,0,11.178213601025158,0
33.307264974636624,37,32.367580522459,0.02597327213678789,0.07022911966706492,0.24296078908611324,0.006003407296120888,2.117818920145266,0,5.363769599321001,0
34.88779791185235,36,52.57657552171416,0.04719945894477169,0.09852718979818907,0.0003080545553453864,0.007968327663050374,3.102285944696834,2,12.086227837824696,0
61.28891229002857,26,61.30234285789803,0.003477125201128564,0.17238573742194066,0.03973601861463247,0.02392880743910247,2.4213353387950836,1,7.942682309510647,0
50.70808984579834,28,59.97409647342846,0.08580378978180771,0.1550979289588201,0.01865004988899285,0.08376724682809791,1.8605956639319299,1,7.4152978292062945,0
33.820981751619996,32,21.57095368652913,0.061830039073881495,0.17760293815771888,0.07914350873720309,0.002267006415666427,2.712654230342059,0,9.914460346423878,0
57.18375161310373,31,27.83026772985906,0.007687083020358898,0.0729197927235654,0.15491522187076312,0.011030832640854568,2.0076454244354105,0,9.974143521567123,0
157.82933200686932,95,193.59939511084394,0.29275916755168235,0.9006053521267442,0.5118958746103511,0.3153689039304144,4.546332275139199,4,50.846217247939435,1
60.65023877525621,32,38.18181641460661,0.02348573528559725,0.022865165380074007,0.15523448651263205,0.0020968638735890943,2.6106839600889535,0,8.582027136271588,0
57.198479199229475,30,56.44898096285376,0.02189331584122693,0.011998233583979364,0.035689418858930455,0.02490150307695844,2.2697119634992116,0,10.602810589302962,0
49.35891766370419,30,11.008770141235367,0.01575346972646784,0.38249958699263964,0.1700896806479295,0.002416861634368933,2.9907456255033287,0,9.882137315371665,0
46.60994685253567,26,18.58142598201752,0.03029389354925394,0.11325854965619203,0.21210901553087025,0.019781594719048622,2.957569088073343,0,9.372252698623178,0
58.45826538801745,37,41.94649386444213,0.08265209482566158,0.17211952740258535,0.07804002285546704,0.02116161233211938,2.21908855955481,1,9.43575186093135,0
65.50513355523283,41,34.39606058918199,0.03733580452773184,0.09367761418023814,0.04910295692330953,0.015490411493228605,2.120489945326814,1,10.448143964780717,0
50.89766367374986,34,34.94187982456797,0.008663788214675162,0.1520061119128687,0.014897327339990732,0.04622302597714054,2.236097571256832,0,4.769228721253787,0
49.27411029682317,34,31.33200690639805,0.06248528135875354,0.2252387171638445,0.06881337211250604,0.018787523060827524,2.762362969514904,1,8.314345091505052,0
27.708283697502576,27,27.602863662075677,0.0061124135919066935,0.3365363320231558,0.02384860925282293,0.04036689049830675,1.8600287224333023,0,12.91886609035939,0
60.480792896816865,30,50.9794707949882,0.023496098911675836,0.3028311485888351,0.25076901327520407,0.008980257505116282,3.394570982653144,0,6.297271089490867,0
25.71552601696084,22,42.62913524765755,0.02312526993657633,0.34471503421112415,0.026792461373337267,0.028753239763674377,2.7444396477491235,1,10.759213299921843,0
12.058971818465807,36,41.46915128651027,0.05009449696247169,0.27454984679533023,0.25263917645418915,0.016581654826542967,2.3882603335398445,0,14.45539678347963,0
43.18032074707848,38,32.76694097179646,0.08626296743173519,0.09297730329903545,0.005783857256308973,0.0027890325317171047,2.26427917027125,0,8.988134676135507,0
17.173589824534112,28,54.90657087283876,0.04395632884741775,0.2790334300619554,0.0042496053597003555,0.0378925318912102,1.7025275046599355,0,10.085229353225486,0
47.70596085755046,36,40.72261568248171,0.015666885593431448,0.049277224494144484,0.16407014482076732,0.017999708663701496,3.157775511672278,1,8.46325589304373,0
56.04947952631036,28,35.86373506005514,0.051438875974661215,0.10854673590795053,0.17509215644354825,0.024322516595007802,1.7875597862415733,0,13.029695520099844,0
30.185425799077272,26,23.75887731083188,0.017853595222244983,0.16936995649038555,0.25597030296522477,0.024570325674670053,1.4531147900468575,1,8.581295593012452,0
48.72625200172361,27,48.84759798831866,0.024950420961148058,0.18474242110193595,0.12334318073211287,0.004781331107830925,2.155302999757408,1,6.1874262158221605,0
21.861658093831977,23,36.34604871411372,0.02550002289364307,0.3535198322330714,0.04805910759877166,0.046886579650390205,2.068729385102425,2,9.88104524156511,0
56.70363045926475,32,46.04474325214475,0.002214019509738263,0.10775576843973188,0.0018139285207564655,0.006717699041791887,1.5134873520390832,0,13.445885467986889,0
47.039233256418946,24,35.94812112219803,0.011461167155767012,0.0749369968580018,0.08835480878836267,0.006999547585811903,2.423588879302032,1,10.699329828601485,0
197.6564756303862,98,141.8823075305662,0.3077854144870523,0.7303860542465809,1.3004427390680005,0.2129618227683908,4.333169203498206,3,58.42219695242251,1
148.69826300672457,101,220.21818551315565,0.2608346050135983,0.8342222320246357,0.4380508848422824,0.34845928537634924,5.287759790537917,6,32.73449010697429,1
71.32380227229359,23,59.72143104999816,0.04805093367665097,0.3055540734153544,0.12167022858824227,0.06796518735848173,2.850554293390053,0,7.504714264637855,0
76.35797781949375,24,27.037631246074312,0.06811793786774523,0.3964440038168149,0.11341318915093611,0.017317859504865217,3.1509960132913033,0,10.729546654147171,0
34.63513958169092,22,44.188073619850535,0.003707699032252604,0.08748188209014614,0.09632198874805972,0.034199197565766754,2.840396558776054,0,10.369781422152188,0
63.82365715511442,29,38.22412718715151,0.03187466340418962,0.47184401723593006,0.07326500293379361,0.006649947835335865,2.5816097002923617,0,8.393215432363203,0
84.22550707416335,28,49.54297126459758,0.030266360205385465,0.08493981091742428,0.10046153414793504,0.014250381257949333,2.9021248015667926,0,10.306929001947116,0
49.71410695534128,27,53.813826480318895,0.010591206632438283,0.15319857244634622,0.07786494605017526,0.003940231021219742,2.621703930736853,0,13.509700548034612,0
142.4476319325734,87,149.14686959611817,0.30543249613073703,0.857326747259257,2.2990507702990586,0.3489209370803909,3.0503925400798977,7,17.164256156424756,1
120.81797121511627,92,177.09927617544798,0.2786729604027584,0.5993640972135806,0.030937117515144857,0.411186945265103,3.181586830975667,4,42.824353806269436,1
58.57887925236336,23,54.933179923754025,0.07160873124050736,0.3088357847845806,0.2902095896128955,0.01965270158809539,2.59504307836613,1,18.10057963503136,0
58.51369046718915,26,44.70499468990367,0.03584315764542796,0.3690034739488913,0.044421384838911004,0.018271868536913566,2.2951240159418522,1,11.606204895402108,0
34.52176670818572,23,33.276521317377586,0.115636807789267,0.046203253321180714,0.02460022155592692,0.00021733418790315166,1.8641396453735966,2,11.691422894194408,0
73.57917917610554,29,29.07985848900644,0.019960399717864053,0.17765978766994775,0.0006459256926516597,0.010299858540543732,2.2752551273917727,0,13.3736751687708,0
39.68803199669199,28,44.67520274556321,0.04918954901156175,0.12585514180791835,0.10785491072701377,0.036824062792679586,2.351858593414701,1,3.9570909411079542,0
64.17990601393635,25,42.14523309007589,0.0906087725536347,0.22828971926407673,0.3599515422767327,0.010987667318061228,2.6938605144190717,0,11.075869872472067,0
185.89072573825942,94,174.80118039551212,0.3907077033575318,0.8056145069948981,1.8793952164059884,0.2676146540767477,4.241146893094813,2,25.703388598711605,1
32.85138397800351,25,37.61228425928696,0.0019929229722555927,0.01084291390593263,0.36719834513964755,0.019900067428651143,1.672763623058052,0,11.926695668158166,0
57.92432302756349,27,39.33331767890728,0.06900803907847798,0.07357718585338167,0.30870094015292665,0.05447014037069291,2.69006297346868,1,8.041518998609776,0
44.33031406076311,27,36.109726275688345,0.1255445904998687,0.08442111961031099,0.6723514966020541,0.008965443296882706,2.89245075753316,0,13.313494606976011,0
53.09314612456801,34,42.80605498673126,0.02450474529173674,0.22683628369285377,0.02451488032824843,0.04527211629899585,2.484060473916761,1,10.933227581235265,0
41.242481864459805,29,37.924233549675925,0.009096461607332545,0.10558584038812978,0.024726239175330407,0.008006469424433586,1.9638824105883783,1,13.533308516666795,0
29.38759005015842,34,39.789151328205854,0.028870010877181426,0.021155750000737668,0.13842459310432112,0.03664683608467956,2.301037818246167,2,7.6534850650066435,0
55.78519189094462,36,23.575341785899326,0.036755418682659385,0.09536486109736335,0.041423069862312596,0.004767239980311001,2.0857532625981134,0,6.207436693766374,0
35.505942455762984,37,31.71556172384182,0.05816782190419222,0.34925732973818435,0.03206345444843992,0.0528569718437489,3.4149452735494594,0,11.96675952470847,0
131.44193236210475,111,227.74249584507163,0.2586292394935745,0.9659886382844057,2.5286320554829365,0.35860912117105775,4.797834641623213,4,42.93941067284542,1
224.77875321094768,96,244.01243009938867,0.27603485631064306,0.8278416629596939,0.38468830270398324,0.4444060473070709,2.461539865511672,3,46.53077592578878,1
40.893433060940474,22,30.18771104613919,0.020920063674300902,0.18872150483740385,0.005526227245548715,0.011698970893177724,2.4410043217331316,0,12.525791442478372,0
33.72674241954323,34,39.188654879334,0.009709917096196093,0.14789153398869978,0.05049857545857353,0.033648513533830526,2.7277120831301858,1,16.21469148810489,0
191.68251927623513,111,213.28787366683022,0.4299205979830745,0.8277517197234378,2.49708876257855,0.34577628292577683,4.040961120996103,8,25.153931917732255,1
104.8871399974668,105,202.10855784059007,0.35827668035310944,0.5031250077136248,5.903115102793979,0.2828981517696708,4.646731094566765,2,34.36600973576835,1
74.14462333447469,25,51.20811946505961,0.02539180182453221,0.14616428976183019,0.17261604810843734,0.04164059655540395,2.6633380470244217,1,11.773711493391188,0
60.18629600372164,28,48.40362280597238,0.09374895769976263,0.14209271748334526,0.004583630075938644,0.0017023729566908194,2.6496638724187576,2,8.912219759172409,0
45.915816803242166,40,28.542472000323393,0.0020310680466221445,0.2471500440620366,0.029335773034346188,0.005431014037141301,3.363149402469202,0,17.968012822722894,0
37.38006967889718,37,50.060712400173784,0.012838672819687594,0.18053257941258002,0.04792724312091312,0.0009729910615423467,2.5998920692017635,0,15.360902626976422,0
43.149269261815455,29,50.5038097078687,0.005014279634272551,0.05032458115633298,0.04258710874646279,0.03315787137050462,2.489202588518864,1,7.868278834304331,0
70.46452737174974,30,30.73941276569341,0.00913966907085218,0.30685097358336666,0.10410253855766216,0.0010267649097647675,2.6106317963109196,1,7.659728194123774,0
48.24316985491509,29,39.58673023193898,0.06175352868611452,0.09669602558819222,0.12200991043244261,0.009847374657420211,1.729299289934222,0,9.431504939406592,0
61.57148212426094,34,41.080177853222494,0.023659258570273328,0.07242105165583977,0.10306403297999558,0.03013025877978081,2.7684497024022146,0,11.441677954855077,0
54.116789799630865,28,35.14013806611026,0.024077234148625278,0.30780081991102937,0.10441238334134216,0.020105932075007982,1.500774927813052,1,6.624467597972816,0
43.62524546981983,33,47.4420734622289,0.03828067983001583,0.25088137593103094,0.08868857718684275,0.04576377137855653,2.694570313859481,1,12.775384466907829,0
45.06874123269956,29,29.16942760400877,0.06453668831374734,0.1182503980003077,0.020162967378629305,0.002893730914782071,2.5641439049477976,0,6.4782728881142235,0
129.51324487488523,94,168.81467492027195,0.38534678492532515,0.929318886576821,0.19238332953989512,0.4311942949684045,4.758910708328616,7,28.04001469164696,1
190.6552976288807,99,252.12921177439148,0.40577869206847633,0.7454774482264012,0.640182152360673,0.38169855766880195,4.208308625901196,3,49.25564127573152,1
38.69384618535054,21,21.77093979782531,0.02096827288597442,0.12726925677152975,0.10291231067261855,0.027783472275513296,2.856472788108743,0,3.816344210052069,0
43.02355282198468,25,37.06241691236493,0.03736761339089458,0.018984215845540598,0.11415441171093832,0.0023090394071421426,2.478971974252194,2,14.586749727311243,0
44.67284560574793,33,45.18534434819702,0.017838907674428583,0.17432043511364334,0.022096348878062885,0.03636461199599878,2.3346671451947976,1,8.504226159701858,0
53.03985597035287,32,27.526919183647646,0.06608118903477443,0.09832030441744516,0.0658684733147158,0.07414347388211168,3.4740240473522666,2,10.389808143196902,0
29.787862960841256,31,35.31413288709513,0.03124304810523271,0.103692479385605,0.02264784848751015,0.026604869284489248,2.5195218235486094,0,13.252302881559586,0
54.67641923290561,30,32.35714962199008,0.018922484209998636,0.2677473631429561,0.014550037837153926,0.014609235460001068,1.2330427479380925,0,9.569991401694896,0
66.90235333908322,24,30.019343932778792,0.0781069005673684,0.2718551008055613,0.002933649956800097,0.004009595817650472,2.562582554440414,0,11.466611756206326,0
22.402287659513036,32,27.813315345811986,0.023345565967887658,0.11025224560536778,0.32319551714694317,0.028506875557327237,2.6428345426065234,0,5.248607054605033,0
42.145138929086755,32,30.913016192271797,0.07317142605132843,0.13228513176490475,0.057558622106843996,0.006752781873943478,2.72796098321209,1,11.527380837987003,0
122.59115250216702,91,272.01691767932857,0.31274497395084166,0.4574526802932367,9.412056405803858,0.32536535112703835,3.894620780921919,4,36.18814398226915,1
31.98905875171571,26,39.80604198173218,0.08933938629748438,0.22501140192235197,0.007467160764879907,9.58050767335682e-05,3.8033149196017186,0,4.088497114392634,0
51.33422148970176,25,35.405710356512266,0.05651698724741677,0.10479174930692992,0.09958521184120045,0.018239555487930312,1.794338326353634,1,10.404005468052905,0
210.19085819983516,96,230.35321657354442,0.4139524982060017,0.6267543309064624,0.9144069484353446,0.3086245792355804,3.6561670886820856,3,37.344946829854045,1
35.76179316348458,36,49.120416398029775,0.05876582829658144,0.20871129444672426,0.030533459019140032,0.03367141708634481,1.8206830639559122,0,5.476545561886087,0
19.211811295139277,24,35.91268888586646,0.022725098062333585,0.48212712427087095,0.3444116769609278,0.008407615397718962,3.4295766652928807,0,12.275901152559802,0
45.377467479234944,38,22.273756831055785,0.08645570937934013,0.08574633436089786,0.006037665254866076,0.009139036261505641,2.081575243452154,0,9.704366711185314,0
105.89501481283395,24,49.68349118005896,0.04773552109762523,0.12280807931814218,0.005016638789666448,0.13433357580772576,2.4620727736459225,2,7.446236929872116,0
59.13655705326691,29,41.265403800459495,0.04423396848860058,0.17687957373351765,0.06908350385585924,0.0010346054718157452,1.7415059778281325,0,10.462766000898698,0
64.83433309925437,25,46.470567646713654,0.0098163790683944,0.10452939239998225,0.11151469111644485,0.02124214703004193,3.752876011479902,0,11.455439862177782,0
47.49516940857242,24,36.990447551257084,0.06062916105359739,0.2846872200074565,0.08260859952432222,0.054645103793786835,3.3899915313066984,0,10.32464626636647,0
58.92658055410192,29,55.14703447197559,0.04505299320980231,0.0947225749586111,0.02197915244533314,0.04591665699854339,3.278011560870294,2,15.698653500489613,0
78.75942691685117,32,47.195562746838746,0.03624250454059417,0.3522549948855552,0.01226727607452594,0.043784985731263514,1.982578798212645,1,8.242088342833037,0
39.92790839413983,35,30.198884756201096,0.03931528745627149,0.1547922960701654,0.17610093574062805,0.01902155019066557,3.377541578961873,0,10.852943686070805,0
48.131949537314085,26,18.65269072826731,0.020526830444064073,0.18971962843186688,0.029001480775127916,0.0037851960375137566,2.470496323563135,1,11.092396614426296,0
62.210515522582384,30,48.64409819251135,0.06482106194047849,0.12013674935386223,0.10913608233437043,0.010819288626558496,2.2670018509178167,0,8.515299091902666,0
77.80266429168077,40,48.82686537135463,0.01143850907633714,0.1230771732079607,0.024409304058037103,0.003065182122222093,2.6616787402186404,1,14.145388565704403,0
34.30956056734444,20,50.61445665573686,0.054626480515482766,0.20496851325688126,0.23831357097195147,0.00454783715673482,3.149309140414073,0,8.92648241216017,0
36.2776755412243,25,45.97966929943737,0.03934200208453627,0.24054907506371137,0.07892137534300225,0.0021581805348252887,2.588970475228125,0,9.741635212469003,0
188.98568583096863,102,239.03693863029247,0.2548467195857193,0.5887539603663399,1.2795347164166713,0.3203514885730674,5.138996934466096,5,29.018522015613595,1
45.264631894117215,37,43.10349274497325,0.02088594290729471,0.08149095539567197,0.05869198417037106,0.07526014854427662,2.521031221957854,1,11.462236644663692,0
54.91853627280737,33,47.71298958289006,0.01860808864882619,0.20849585684479202,0.027020441105247095,0.005907022693354147,2.7511300342880283,2,11.607536138315618,0
38.92653586400222,29,52.47169392084663,0.030850408082996546,0.15765987616914656,0.05505171905304787,0.023711547783503602,3.241716464667234,0,5.8057775924846045,0
156.71382716000565,101,204.0862067309487,0.3199349149855505,0.6125595538577467,4.340844131485773,0.43540280572277257,4.042067823061709,6,42.31865643025995,1
82.41109004154238,29,45.019155880587434,0.023067004565833056,0.102667392072892,0.11074877683962805,0.027866542823307677,2.3517452429109706,0,12.854316556372911,0
49.07056743327196,17,29.41146806545484,0.03911237275033296,0.32562792002284446,0.12451779186039652,0.0006687089121288484,2.488529647320197,0,14.021639279503304,0
102.80794918263891,86,224.68634255132918,0.3296170654050546,0.7615782209747463,0.3943007776180723,0.3706022661779957,4.449351682465379,3,28.34568431829465,1
41.93098546414523,34,46.41293108034574,0.023879387152090686,0.20443591255721486,0.11594903563871993,0.0008006479072583938,2.60910821477281,1,8.962168290785398,0
57.03566291835372,31,62.17020845842286,0.04080675901865735,0.23558593561899224,0.08010123586399326,0.002182889395662062,2.884557741257284,0,11.024895343471893,0
37.311697016792834,36,48.946575880276555,0.052729896493416764,0.24394274646019234,0.013024156831861908,0.009788781012316582,1.757312929177881,0,18.673539206713063,0
27.496739927224137,40,33.28256852580658,0.017688321787570727,0.2325547129232474,0.0874508403641373,0.007070067505186523,1.541674157596694,0,9.78327521129186,0
27.70111308066179,24,43.002080354622954,0.024953889992558567,0.19260357907329648,0.07060007979216484,0.03338715340586441,2.277652104712177,1,5.327258424786535,0
60.16587241012813,33,31.734519969172823,0.006594463455824692,0.12210266889815645,0.07867070230182541,0.025818571610087306,2.7760993537554666,2,10.5139301181324,0
57.09991033749508,29,52.70530111830571,0.046931213849761566,0.17950509961961422,0.09112635182963247,0.0044690426504243605,2.6632128723459796,1,8.682545031480684,0
38.178273956563444,29,51.36374764197642,0.01813460727828352,0.14854009918156158,0.0515861158844695,0.015078799252555777,2.6672324298924326,0,11.139748978019567,0
44.71229971331149,27,37.49692842837661,0.07328688388531353,0.07247280135590684,0.07555182039148928,0.003837712724797661,2.520605238357595,0,8.738831641083713,0
5.982542839249106,31,46.145680219714656,0.010991725655703725,0.20600838946476177,0.19437371076259788,0.05282744509540602,3.350686883571663,1,9.511989710649628,0
34.79966738985495,27,36.51853050584869,0.011111068235644587,0.20449318502864336,0.036862380745864905,0.017959371139208993,3.0135117070892052,1,3.945604661487554,0
97.73463861881933,86,177.89477301662674,0.3209529946487613,0.7532553891880395,1.6371767042589502,0.5240575693093501,5.242659600257062,8,36.49931279628512,1
66.00520567213383,31,19.662989951857057,0.018257207957045954,0.34372375123668486,0.05387862678836776,0.0009722214931404942,4.142229413640691,1,8.153204061424798,0
74.67857264497296,34,41.32379177893977,0.029527022822406452,0.17659552599210246,0.14239255418908967,0.0020683906834544287,2.922970080552766,3,14.474673484835659,0
51.36679039307012,28,26.724309620763442,0.055519365025569076,0.1558211051277834,0.014244766285500221,0.029640246055379207,2.6556031460848852,0,12.787980682309811,0
48.32602736308917,32,23.236050462008016,0.00855820920304663,0.2740467294977108,0.09922311017660713,0.00010664765804148028,2.834452751317402,1,11.008900607778939,0
78.24099108660985,37,44.10044574156621,0.037817790206037344,0.050348375106014004,0.02239641098279024,0.02760769208351279,2.053838177951817,1,10.835668995404882,0
62.3580019080938,28,50.961600997187446,0.027130766814400548,0.05531475546313572,0.0446081637720349,0.00233536765396084,3.2332611043794293,1,7.644422165527713,0
39.41761727524526,34,44.08533890501819,0.03675979046700531,0.11397650259020385,0.311293938911152,0.07643067461821605,1.3919094661242637,0,8.007349028644173,0
65.07217243763057,31,34.767558875918645,0.01507238800926526,0.14254211067312936,0.23295216427881754,0.01762780882999158,2.1035111880493464,0,7.141456997919853,0
24.299751834944583,30,25.344514503066037,0.012709445092778585,0.3017832573664026,0.023815734533529132,0.06110841803910521,1.9601771139917892,1,10.661502987155865,0
114.33892358849863,108,194.31896406481667,0.37584324002199,0.7021118693866117,0.2951537205975557,0.3630353305839549,5.410786512488781,0,34.492757219713866,1
56.457303528183616,40,34.33751809723603,0.04245419963378838,0.08770629804266096,0.15764870968255965,0.019733585964871552,2.826441071290577,0,3.26311081954036,0
64.7626125285688,31,41.76756357191981,0.017980001139774368,0.28414652640227916,0.4577845269697129,0.008708129980646545,3.163188882188451,0,9.90796939265833,0
66.92213567630156,36,31.594988248228944,0.03541441026841775,0.08575503657783315,0.09275941255280289,0.01696007369593362,2.9893644080510917,2,11.814288606504148,0
40.86608525224808,39,41.170832719793744,0.026834766710456957,0.14768049671258088,0.1396422501183364,0.011633795167118039,2.045819570190456,0,12.986423353941603,0
201.14801784637137,95,214.2677832449303,0.37842744962126945,0.312632931442476,5.844227145656712,0.33454727791370165,4.60286416971786,5,54.640011910146264,1
51.473441850308376,34,41.419809916578124,0.05826511470919999,0.07561041288508581,0.032425848444999,0.02094740923029785,2.2859759444512773,0,10.988764222150577,0
55.54933463077491,32,31.834403376827268,0.003584627587507884,0.1511474094290945,0.016336816234680623,0.039576095801250426,1.4470908469034662,0,10.950753397771434,0
163.7042812799101,109,135.6479239432313,0.5559053375741069,0.4240825224363387,2.6293033346014956,0.3534611423658843,4.699458288256046,6,50.11920624456103,1
45.08664794757226,28,56.13013292842459,0.05128902046654754,0.04797949125461519,0.17362303718470976,0.00805571352447501,3.358562001751043,0,11.310415786776147,0
86.8599121567814,36,31.886892046630972,0.08295593023657365,0.35900228897743197,0.0514911851920305,0.02370335456306045,2.5718799209149052,1,7.125549240187203,0
39.374239387479975,37,48.861373491388974,0.05979591524069682,0.2074317094841336,0.15718958831266505,0.012968573393672045,2.561173143170659,2,10.142706764911145,0
46.606012170876966,27,33.218204793468075,0.059369711548694706,0.10479486559819277,0.20104378968075887,0.024823743947529342,3.024925186423906,1,12.753225758499745,0
51.49957575410103,21,23.960920408932928,0.05151936913661441,0.046674900346774136,0.12043296841380345,0.037700151078696995,2.6159291879563984,1,9.207032234867564,0
24.446850894744895,25,42.252298556311516,0.06589245835953851,0.18120585730633698,0.2426972788562508,0.009347949816321543,1.9981476161465686,0,6.931172312178351,0
71.49653034795898,25,56.93894828389766,0.015844557928552605,0.18922626502439055,0.3927870430837803,0.005622985583680824,2.0640466620020885,1,14.195403098898474,0
38.47884195039582,30,38.22698765339784,0.024450305270356937,0.03308381232746558,0.04985645401015908,0.01739387759196884,2.2258548530780486,0,8.952584022429946,0
162.63694541224945,107,172.36705136973032,0.4240510425926288,0.8099159179673179,1.052972747843433,0.3968397455959658,3.891324136104853,8,42.33502592095715,1
55.512146106286984,33,42.385123296058445,0.01754462994878729,0.26419532594885076,0.05609858279778859,0.05863351502843931,2.527666035017232,0,7.9581113741215965,0
16.96245561475645,33,36.33860948699633,0.048751248823798374,0.2774461373516753,0.1540362118056956,0.013570184978886157,2.4182143797609577,1,11.5535824244131,0
45.73671514055341,32,46.82421419541655,0.05370389648655401,0.2441923210936907,0.058966547475786724,0.06429397461352643,1.914615434786137,0,8.268240996205012,0
41.070439602738304,33,48.854629745608094,0.056180046304341584,0.18131317493830676,0.017859925637607257,0.007657660753577161,2.32405547578252,0,8.737366201103507,0
59.80737688017847,27,44.71987192392282,0.06583940095181824,0.20037992303855473,0.0050222766099618146,0.03482995212528041,3.2196097133450907,0,14.326561064086203,0
166.43001031545333,98,156.82693486668995,0.363965202709585,0.5997571787717261,1.4947516497637656,0.37184835325850435,3.802471675110435,4,34.64732089281953,1
123.03951940207857,87,212.56554162318886,0.13719245695674967,0.5970038028678609,3.5448068710306964,0.2723448163239232,4.186702115530517,4,49.82680547299931,1
48.277001404246896,30,38.11239089587347,0.030525625491305095,0.09139551336741156,0.13805610330448312,0.04228293719426358,1.9263857003118514,0,9.459997768117713,0
38.968405115237836,27,54.76709041368106,0.03781558806119387,0.07117887912177169,0.08512731425327541,0.02709271002823447,2.5345764099292096,0,16.045871097064644,0
129.25920468858305,109,163.79329288758402,0.3164344658706387,0.8156705489157827,3.6944343947067777,0.3310470821836413,4.916451397488451,3,44.35801035493501,1
70.10696792320323,29,26.660301918244635,0.05887973370275223,0.06337214619640649,0.022167576716333546,0.009938879192466625,2.8936225009203773,0,9.43226917775195,0
54.517107295237814,32,24.716205281661928,0.11699730154932024,0.1427643808401705,0.04674842458439153,0.013427370328687061,2.4748936135639874,0,5.415086797723558,0
63.194253442353826,38,45.6721876845813,0.04336866139841288,0.20550148344507868,0.031512327662158994,0.01262094948817861,2.31543330953883,0,8.989695544033152,0
60.525719481938836,29,57.50262585761223,0.06927283311188082,0.2313813913510511,0.10272491269708539,0.03782486397319024,2.6465482993475895,0,10.93800530778367,0
42.042250199546125,23,40.79077748622587,0.1106563141276409,0.1387413753598322,0.026742259261890708,0.04568811434624824,1.7977867384179678,0,11.852828344331181,0
56.669170505292534,33,56.84184490030352,0.07218241835860875,0.10929048420857083,0.14829917935624895,0.024474141020107667,2.935527813245539,0,13.484426164353732,0
66.2523809747997,39,40.469060126262555,0.07295743245700374,0.2696869316572611,0.07634118165704305,0.029904191970739877,1.9244657978333364,2,13.787006488613258,0
45.96231490841664,42,43.16193662992689,0.042970844048439386,0.07789516198182164,0.09218415857208574,0.0094250792944961,2.5389651986375905,0,12.259472512568955,0
39.051491224747785,33,40.61041411156287,0.03877420706239661,0.10501906418350032,0.010455521317367466,0.01460015718035875,2.124882453064044,0,11.443757404707458,0
244.1186562667246,112,192.9209274732711,0.26083738143980667,0.666233538816036,2.6572430064772745,0.4223329349566488,4.390982558514795,6,39.18551400702237,1
59.95081405870813,32,41.940439131645014,0.07430505530823302,0.05239525063416516,0.009830147937350174,0.006234777276987273,2.4802007059221984,1,14.600467251219579,0
42.39760177111281,31,29.342948110328003,0.08308979583526965,0.20453501988409387,0.12339927590532712,0.008409016220009443,2.195104932903832,2,10.172142217242376,0
40.35100953434362,31,27.64745576589455,0.05062181608667006,0.3795609191963358,0.229756029088105,0.02941582171070304,2.2355296649797896,1,10.314978573531503,0
182.39663842111128,98,274.48280282102075,0.15850523743770548,0.5998790522548726,0.6978726872421916,0.3020630031794934,4.208906324657128,6,41.412807084764644,1
30.216413833257764,29,34.87359894940575,0.02895709297634907,0.09071026947509474,0.03676475155106706,0.008345674156271228,2.5603231624819762,0,9.626740493777927,0
59.49458881204271,30,21.033243305732622,0.04647316978868324,0.06158255241017962,0.16317070982004522,0.0027133954764492416,2.325034436093966,0,16.07925446173744,0
49.59148553686794,30,41.63155988922529,0.02846665629585798,0.18133546909555823,0.1776108681559415,0.013680655042177678,2.142266419285251,0,8.920854958576577,0
50.52332992866762,34,40.505298900713065,0.019763251449696026,0.08339045927919725,0.18049154471243042,0.02880025707660499,3.1748902270189885,0,10.486938512851406,0
42.827471391632756,32,32.2431690484359,0.005502879725580085,0.22549339055505682,0.042166733858289056,0.01904588806861547,2.107279857968037,0,6.5762742952500295,0
41.44883196828083,31,46.02531512692837,0.02514660437532032,0.05918843265476258,0.1832603372712092,0.0072906093995187635,2.071521752696466,2,10.036525410280863,0
198.50406516628897,89,273.7370243622951,0.20688245369454958,0.6284752248217433,2.3106689058699352,0.3416936173112018,5.38972659331968,5,41.91179101118999,1
42.26129313042722,33,43.78409222949077,0.09116005849665339,0.27096278637290266,0.22702743757213806,0.026447058844902158,2.974960814728495,0,4.561650946438077,0
61.53013398639281,32,45.518842603951605,0.034997610236776396,0.11516237941807152,0.011469980644662085,0.00045816635160008735,2.6623771834986494,0,6.746464540790035,0
59.734023878003946,39,53.34905827081255,0.006528517569229937,0.275724801265481,0.008469331843163591,0.004140307267209426,2.8984133583378493,1,9.613011394768183,0
51.358797580595024,32,46.217157735095626,0.057006722615861066,0.04113213973030483,0.14691771506819626,0.009905300991428017,2.5232644874830723,0,12.455706220242488,0
45.34772140197573,38,25.372770539154754,0.07050296100252987,0.08329488379589765,0.17552270459289193,0.0005884135004800543,2.65115564921247,1,11.576859770144134,0
22.032040595099662,21,49.286483691017764,0.027146015691754153,0.0349743935942057,0.08340378598284476,0.007212123121139336,1.9562551408971898,0,9.574667262021494,0
84.47695859481743,31,36.76962124329833,0.0815347534980991,0.08064916248670335,0.11005432223958425,0.04690259719192061,2.868740289907823,0,10.87985449662953,0
150.95227959343467,99,261.65299361191353,0.19095764416011418,0.5961856120302147,6.125179935166633,0.23785183603569993,2.675940173277089,3,37.45783496820336,1
40.82815700721082,33,32.24375435046323,0.01541081501828999,0.03607098786942973,0.0775195364162078,0.010134058190128031,2.9453468946700903,1,12.3853714523702,0
59.394291821356155,17,40.081406434467524,0.021617626246784493,0.14219582422156313,0.06903608210061117,0.03304189437052603,3.117572419818983,0,9.097679750667893,0
25.58678939656506,31,42.55427623393932,0.031520225862398304,0.2545435494776145,0.11706190243961692,0.024394439558831874,2.5242449856353852,0,12.93026452615518,0
56.79786850842652,26,46.78008120389223,0.01731229224079192,0.15589554930068164,0.17922020353134877,0.009331992493289207,2.127088675130679,1,6.777513375153914,0
48.76695333696673,25,43.981858626277166,0.014912813071916817,0.1448140034507425,0.05407438180754172,0.015981571418133722,2.2873104380812217,3,8.205295122858972,0
70.1025766295551,21,30.781967328316178,0.030808112598961247,0.05327327405898425,0.03611398827779284,0.017473706989385256,2.1912069662115288,0,4.891056883481876,0
72.12878532571668,27,33.12824802281938,0.0230432404128889,0.25079828865489584,0.008743429229081202,0.015802488783814548,3.2112726880002347,0,15.016125042370286,0
63.46434008482517,28,50.16353357989238,0.06934829986388828,0.13339091053765756,0.03785583746783286,0.0063740453825638435,2.8602975117989615,3,11.515605978936522,0
180.8313297892049,91,259.4357164497874,0.2775403899880411,0.6608485872357479,0.08410248834788706,0.3829260184047939,2.7874343566537547,8,40.41130185866743,1
78.23337491161767,85,218.85992847376377,0.0782502017162327,0.8103804002660046,1.3097883032501962,0.20259438789118714,3.0885141558170215,7,42.23020105245578,1
119.3886053575517,111,200.62680330005284,0.47166392694561915,0.7197137599244332,1.8803747449288473,0.44380742323307426,2.8992296040763543,3,55.06603182615831,1
43.20533174844357,22,27.140170747341045,0.056830823985436846,0.05810054837523363,0.09513086509951497,0.00656453665571155,1.8921420051308577,0,11.515880995780394,0
57.161784563247686,29,55.886514914546254,0.023723579223802145,0.15348573064815177,0.15091628879742133,0.020752392449928072,1.9963586369253696,1,8.20492739882605,0
47.10601018395073,32,37.18292316012446,0.023594253268532768,0.14812319310135977,0.008634712087684236,0.014451493629770376,2.957340186123493,0,6.809057986268191,0
18.536538662566095,38,23.069804886460364,0.008764344616680287,0.0648866252155513,0.051893865065676836,0.001373670227899268,2.5017910387754525,2,11.857209312932959,0
170.43248311165706,93,260.73097317727763,0.1710155487151589,0.7136707145217872,3.6274939076509085,0.4548404345295712,4.564851704878719,5,43.29716364000798,1
44.87156303413356,22,37.04875879291636,0.04159959243315157,0.17332407553559967,0.015109347645664857,0.0027970632999392885,2.008511169101262,0,12.889891807247063,0
43.95792822212356,23,41.870635769652786,0.035380484823431736,0.05715666340785095,0.01758134123568477,0.048888256206209756,2.5772156636374657,1,7.530508094541588,0
22.567132431839923,45,27.711014112466547,0.0205915042071212,0.06938193026016576,0.40909196364011563,0.023807450162971137,1.895767574644467,1,12.08523510890858,0
107.32667719356216,88,140.70510234904694,0.35650274430953854,0.8980224383247836,0.5177774474310162,0.2311017821423075,5.322223575215013,7,51.54083476827025,1
36.285608667620096,34,44.61028360264854,0.03488050446902654,0.12396385498296049,0.05857751211740837,0.024808518824897523,3.0009264831730675,0,7.7263157473315385,0
35.249807614862654,27,35.264452572522536,0.05029773912841251,0.40360963093920615,0.04990401889067973,0.006060061939874127,2.8829403314366715,0,11.291620719504635,0
110.3471609241951,107,265.6339295007113,0.1950868674729756,0.7739390509632441,0.24723264186400015,0.3601461379436891,4.319288744383461,9,50.36553327526187,1
23.49275535065324,36,44.47648629062989,0.028208145717708615,0.09848469621046678,0.008065886800140842,0.04042787362510729,2.998684189519867,0,10.560174249690188,0
92.13993394553087,109,134.2809484464073,0.26466918116031224,0.5951256720413078,1.9326408926615624,0.261572635401926,6.885456507417029,5,49.727742409177075,1
116.49448223437085,86,201.22724235346902,0.2112073221539593,0.5631730522766795,5.176144595156865,0.34881157748535807,3.7781190425704967,6,39.14791908998468,1
49.546516493066804,34,46.60204564874749,0.006865622818354256,0.3958390045313637,0.09065907438140564,0.03398957854320446,2.1514357837557148,0,10.13496221683189,0
35.831028668822384,21,56.08724949945139,0.013906385020033154,0.11143173883790522,0.004902063086351946,0.020691965351037706,2.788458852491955,0,8.250620642982241,0
37.93166119066979,29,39.78648078714561,0.018455526600839815,0.13438677386356043,0.15387346388149786,0.002021518761102591,3.362038936525574,2,11.65958521547914,0
148.18067904612775,92,223.6236867483376,0.309951433520277,0.8346889786421438,0.9857678020617251,0.49150288355861504,3.2378248364000006,6,37.53538176404611,1
111.8604454677662,108,296.6104440405251,0.38485895151263666,0.7909252948262427,0.6422389380477058,0.3593683778566672,3.6429825709928063,3,44.6653973403338,1
21.71718318629105,29,50.593767415746896,0.051110549322436916,0.13427958895537948,0.23315390916658965,7.55445304958661e-05,2.084901899092044,0,9.007623644557246,0
48.36490785581645,32,44.457820788116145,0.024879455888109008,0.04562472805452264,0.13336280930544195,0.009111034613920694,2.1623317935212865,0,8.175556096348222,0
52.4682632518462,32,46.566984870359015,0.01879005508784576,0.152721210738258,0.07738713983479689,0.0024977809883392236,2.443474415277471,0,10.45374268120997,0
25.065712468971803,35,42.163106342213574,0.06010426471539832,0.28024616730325647,0.3090598051779117,0.06588413131586818,2.5961120093255725,1,13.606432547446673,0
50.61178877764022,32,10.025865842117057,0.048156365034353686,0.05912594827915958,0.03371396394647971,0.01668636685847742,2.6398362246685827,1,4.564251971525331,0
52.74018569501656,32,38.86190451392212,0.004497715376026001,0.038344353392190514,0.2796603969938957,0.012305584174455252,2.814419393475519,0,8.856331735120053,0
38.21984904046422,21,42.80217530584294,0.009217061490661808,0.3649223964188697,0.07509669739991812,0.03069577878547965,1.6423366468049774,1,9.344954770237887,0
57.25092194565587,24,34.64957930493895,0.0633478202393256,0.25705792730352217,0.03400098069160165,0.004966858974045925,2.240486464452954,0,7.342567560548169,0
53.44586537761674,29,49.98685736928619,0.003992005861447664,0.13117478455970671,0.12292183271174353,0.04153476504387345,2.664008431977952,0,9.822064678663326,0
60.812738132735404,25,23.841848047251904,0.05905821684218385,0.008397837564721337,0.07451034398072186,0.020465056180049897,2.810868255325445,2,10.51162603392064,0
51.65936306519404,29,32.09038891351821,0.0533494588152495,0.13690290274191833,0.016340385933965428,0.010807796453161838,3.1964101195638444,0,3.7189870483586187,0
57.39059094922937,30,36.29908061754206,0.040644398065874235,0.22785975839831016,0.0741688839920886,0.009057539377363715,3.284809153640377,0,10.194278844675551,0
66.17409987119957,28,42.47434011741494,0.024433019655426227,0.26723623610765396,0.23310192261024765,0.013926602257776349,1.7943735765980886,1,12.04351838384165,0
56.47459400108661,33,50.75549737495419,0.016430265480161608,0.09356445509374398,0.04913884200836401,0.0009699070260408238,2.2242387761216107,1,8.014301053993325,0
53.391916260595146,45,45.43218075213316,0.058486956295439006,0.17961044541689544,0.06843298376924363,0.020025222788394505,2.4136901933623682,1,9.595657499627489,0
191.1510605442109,109,135.89645260301214,0.2985756525617552,0.8692179497365825,8.878764538129076,0.32290618257285325,5.2863309682419555,10,40.57450292203207,1
29.956555397086493,34,55.65480055353734,0.006183471214836587,0.20825108661887312,0.2125324240384231,0.0129279405127518,2.4649415404807042,1,8.578357804877031,0
45.79765899476395,38,53.21971055345833,0.01905880239139794,0.06287802122264645,0.04694020355382894,0.017267375753957776,2.1054779156165284,0,8.534151442730577,0
58.798050832064284,31,39.123500442500415,0.027511526998503504,0.1271250207704501,0.44344526401378026,0.021549598422581126,2.236091742157016,1,12.125967594996094,0
68.62239197572113,24,35.64972042529402,0.007252129835905641,0.3037562576130484,0.0667922454656315,0.05414712989017561,2.9440315527651997,0,11.252476997402185,0
45.91366052733002,30,62.25783146065829,0.02492972261906042,0.0330397777399248,0.11929792592010986,0.0005014424068059362,2.8142289167399075,1,6.6863260830496465,0
46.663496380498884,36,27.779041267972598,0.055278915648244525,0.22299258234200256,0.2900149194428547,0.02012246462581068,2.870560272319144,0,17.633373289856806,0
139.83980537823274,97,185.03303667125792,0.6092440938490712,0.6532232279299417,0.8777126466357037,0.3278712769788055,4.664581158372281,5,35.56104839175063,1
46.81655658844595,36,50.22340824939709,0.020037651020342887,0.05773948353115918,0.02781619673953223,0.010317311285157855,2.881467213588616,0,12.954634256740237,0
33.38067868199164,27,29.70326664353328,0.11981305738192907,0.32747188351655215,0.10271730787532418,0.0006858968102905142,2.2934659002863693,1,13.092707817973471,0
34.00338513155724,31,42.603552464067874,0.06555585754782042,0.21306668784899618,0.09138112214686084,0.013082349226452548,2.7437868273064656,0,10.172675419724872,0
53.77571581810514,24,54.24620749884132,0.022839272490388612,0.10102584370536562,0.2017968465368603,0.014824720480207984,2.3858735021022164,0,7.55929473896072,0
63.78323841395555,26,32.46018455338701,0.028422011254989655,0.06559078267041234,0.044828716549870085,0.015686008627475066,2.5369925450166364,1,10.320391246916557,0
70.09119766371055,22,13.543561514559535,0.019126310948697073,0.3301743961586908,0.04591624420594015,0.03265442708562349,1.5754398919534998,0,8.855450146674189,0
79.42444264557166,98,121.91595392856843,0.3625872904665182,0.8484808110107845,1.4185939334914501,0.35812132306045147,4.533012020425394,4,66.06006384689357,1
26.830132161133378,34,54.447564847631746,0.047744706657235944,0.2725959372870881,0.5270886778153534,0.0023101095671489405,3.3477000094241363,0,10.121145073253377,0
50.5050969190977,28,46.753452285578504,0.03184567615510119,0.18286529485001932,0.030315689214800764,0.0034085043021901155,2.86550964447395,4,9.696250995384604,0
43.91808325442028,30,49.191461762826656,0.0633630306638773,0.09728788782641748,0.08598059075393698,0.01044139342202554,1.31831248076281,0,10.23870122270953,0
52.68285678732488,32,32.04884337302537,0.01457538119584351,0.29018135251531807,0.024275967055970356,0.005140418997504444,3.5872255294389293,1,12.28652382496485,0
150.33806373152407,98,232.11870999697044,0.27114260910877375,0.8903636652174507,0.6228730726832139,0.30050243181206515,6.668646591831047,5,7.36234934461163,1
13.418830067823414,32,34.330977845792,0.05800486835386945,0.10545606022627486,0.33597530375331275,0.04020043185723291,2.1865803739176974,1,6.2265760929529925,0
56.54858529651852,26,48.36049089954061,0.041529318305410304,0.052677566917847946,0.07977651520890999,0.02973944004103442,2.6448810390374726,1,11.065360836755868,0
45.5260061583484,28,52.619074574392506,0.0338279400928727,0.15407266290405386,0.1294899644974431,0.00525415532960755,2.7534152534403598,1,10.50848326503991,0
81.594878471765,33,31.51794878668661,0.035394881177640336,0.050683309280801614,0.30910761770420586,0.010590644854546343,3.590388385121969,1,7.977708942388135,0
24.16514020496316,32,33.1372543495016,0.020487955241293546,0.20160592009912934,0.1408918049256148,0.0176336195324632,1.769169334488272,0,9.353663032846148,0
44.337078680952914,31,40.448660455933876,0.02218306070236749,0.2223738226532733,0.09903283242102344,0.010491090403331349,1.6674260802142347,0,11.372495574286809,0
26.804330428547754,35,39.879433679813005,0.024375379815526038,0.39868848621111935,0.15772236227972541,0.01378820943069496,2.4639875111154446,0,7.966912471711135,0
43.859083944417876,23,42.558784736016094,0.03667234436917866,0.14521263853489333,0.031035360708998407,0.004366510034645784,2.388430048909139,0,10.560054149801523,0
191.6714110437767,91,256.3556417931279,0.37938596697336635,0.7265122521683066,9.810125204404372,0.36491241808518543,4.88158723525957,1,19.5721339831125,1
62.52524784606275,27,29.150209281335407,0.07229271265362029,0.04250742973053782,0.05950364404073928,0.010706610929217457,3.014757962312616,0,12.273080199601313,0
40.10094274624343,23,48.984483427158644,0.026407644881087183,0.22742206713696494,0.005138211742431311,0.024250658704148213,2.2052421054794062,0,7.557148741561809,0
44.28444784267846,83,139.27902473195067,0.3394869526060551,0.7419456926496927,1.3190517178183223,0.24313488826047502,6.651311409455364,2,35.096221429459014,1
65.11701135999895,31,41.77974857554977,0.03127453708065543,0.10210760244438052,0.06288109706889815,0.021110839125848494,2.001441827870737,0,11.768047281582806,0
26.279478865020852,32,47.02280319110831,0.03267195530935474,0.2858688587696272,0.010361022245149705,0.019365359104547376,2.14973661596496,1,6.708096809359155,0
174.35501715426238,83,160.05797863427932,0.47673345432445596,0.6128779771710958,0.6381866157461793,0.3635712595069481,5.020641297924254,8,32.93349843459586,1
70.17863396484017,25,38.57676809200888,0.04154926532974412,0.18101780076683988,0.104258091896623,0.017785655222765633,2.7695423756119046,1,10.829519636925308,0
52.85649193974901,29,46.74444804480246,0.003392913655987665,0.09808908474222143,0.19676720105984358,0.011063179222567499,2.6302078448630772,3,11.444120650933407,0
63.23162655089527,35,47.07998001577302,0.04086755967649998,0.2138454872213528,0.026759175104829443,0.0003727812564455138,2.5619436524746706,0,10.326676604475168,0
67.61638844998886,32,28.1715289506803,0.0825190048107528,0.08628504817160927,0.04566325248488427,0.0014563248718338117,2.6485962838407437,0,11.130558098932855,0
67.37457764539076,31,24.349131822517364,0.08394312514159036,0.2069078726716238,0.2447316660713722,0.018430437529206516,2.934325079616266,1,9.019237651915098,0
62.387849387041,36,43.504764836662204,0.027990335903794468,0.2201067619132757,0.1326136349976326,0.01605229089884132,3.1313559242281075,0,10.12664970694659,0
75.72669341319855,29,33.30838860630604,0.02426544711349447,0.07930243361727508,0.012538812360803758,0.006242303201894194,1.5206825292056403,0,9.948268531023338,0
43.87612137801867,29,24.768095294469326,0.042097087028699874,0.09707862297484367,0.09494281569836557,0.06417737899313294,2.070628312122517,0,14.818437564258119,0
67.58558250371308,34,38.17764906289058,0.09100457536646431,0.044545280259634765,0.17105565145315027,0.002745824759164443,1.7691324957984689,0,13.51078554527028,0
122.2825059881067,107,185.92300501651582,0.3276635506335203,0.5610545832664627,0.3694241670878012,0.27532831872057845,4.4846888364003386,0,29.289081948162014,1
23.064953607176577,29,47.59735238633021,0.16521171591778078,0.06162277143625987,0.03566437717208907,0.008588657091973862,2.8862681540801445,0,16.392612474024236,0
27.787208186762143,34,32.99195285149378,0.00885361670176651,0.20812773320420655,0.009723638344035527,0.06533254316180129,3.3607809624634273,1,6.5949433569935465,0
60.99573640786863,34,36.006997316276816,0.04881053612762045,0.12785583234086986,0.027411850197993123,0.0006337335972205026,2.012376569453801,0,13.198823746948772,0
27.253091722715073,33,36.489711066184874,0.01903472285212013,0.08014889594832629,0.4152443496577782,0.0003230098630171191,2.1226162574117104,0,5.695234562744929,0
40.33285802944903,19,56.012942020745214,0.04016000986334766,0.21412907323928662,0.0740011267451285,0.006930627597054597,2.6980275339080126,1,11.492343977352027,0
155.29438891945688,110,208.81872500348865,0.4106344909583149,0.8558422121221386,0.9912964642636155,0.22819876499615754,3.4439823905016342,7,42.66829810246409,1
48.679340781889145,32,55.0782173872213,0.028442211878939583,0.11605322332242915,0.039226535864336505,0.025985723561156457,2.672120408354185,0,7.296467743093862,0
50.80798846482319,28,39.88813284357463,0.09715693431462208,0.04510166640158733,0.2245329676727033,0.004520954776390822,2.496175042590797,1,7.6635569795610845,0
190.6835148814447,97,155.39519852973643,0.3663892944734739,0.7729470865313535,0.9074731092624909,0.3549461205961565,2.8703570263484357,5,31.460627730753657,1
57.16634343200872,22,41.41182800252368,0.060974979832095655,0.19939346889961337,0.10522733269693843,0.0013331662685504059,2.6847516914798932,0,9.931765229870594,0
59.47877169185137,30,53.109808039924154,0.03964233740757617,0.06046329316559147,0.24111285256000295,0.01358840522539929,1.5555356865638585,0,1.969334809969732,0
40.39603717551346,29,39.36387108413499,0.024094460131431437,0.34394475878565517,0.16449622028065233,0.0017169500786621298,2.0731518911609115,0,10.993467933786151,0
35.82010365967256,36,22.663733343284242,0.03007967250194516,0.13379789213622345,0.1716061173574106,0.008376727386549555,2.7067636463608413,0,10.616269504378389,0
56.018251002921566,30,43.47858492253998,0.01821915275835414,0.14632925596749521,0.10354487460521569,0.028480252434262436,1.8392984135460035,1,3.13686893658035,0
64.50779975583093,24,49.786633319542986,0.04635208825311645,0.25572257344447075,0.04412341299349981,0.01156440541907013,2.204287253478362,0,8.221065018933595,0
47.88592316844128,33,36.04619608067438,0.02808970701233898,0.08029126447033343,0.052608336267409794,0.005108787346788936,3.274540781426066,0,13.275101228536556,0
79.34917359766824,30,46.12752984773312,0.03083986484009569,0.14853560637279076,0.07386261007085611,0.02879616519968785,2.320285936002714,0,9.893202493417725,0
49.84651934982995,25,36.92276227436611,0.06482267845466844,0.27192220782589116,0.05689430287641428,0.013100720274026487,2.295409366143682,2,8.474397428304886,0
26.293828375393204,21,34.593182934077795,0.018101722994483604,0.17593279814393564,0.04941887376634306,0.002806572537548625,2.900687180985786,0,7.894202844032254,0
40.00634996015104,28,34.1017672657002,0.005092781463419921,0.10924764945637211,0.49473487360429536,0.015144995834429626,2.6813716078515837,1,6.530203688011978,0
39.05518710507215,27,33.38450749502345,0.02251517929123149,0.28982269184063364,0.03200850644040749,0.09034147875400893,2.781384000713772,0,13.124249361550145,0
49.21110111213291,24,47.86323666094129,0.043912491833828164,0.2045922658593918,0.034595027765091484,0.00798022492927885,2.262551104080087,1,9.940769991446418,0
79.78054374751869,30,49.51755509065156,0.04397247924995218,0.16083146729284545,0.029053467852865368,0.0176542814687319,2.9628304805637904,0,9.573730621294137,0
45.31548116921054,29,34.30173371977682,0.04847212976333385,0.10554828062423864,0.07079069620255728,0.014740771601468236,3.133347650001598,0,14.505241592012,0
43.74371684381862,30,34.036860639114984,0.037129094845731056,0.18321054279624,0.017438961914136436,0.009212704215882878,2.610332641913667,0,9.714798412345582,0
47.22711333901636,27,29.21775681344242,0.005146703895297361,0.07349787939822677,0.19952579605400217,0.008156355028709495,3.1700459847265794,1,7.968635237258136,0
165.42459477681268,106,172.13448031511197,0.1438386322562267,0.692902714384087,0.6827880806363054,0.3624756821137658,5.050093015310865,5,40.46945482759087,1
70.34195588960438,34,53.923783256245514,0.03441818294577441,0.20000180956617766,0.014133772433274372,0.002685394557464456,3.1209101021266568,1,14.428899300840222,0
46.64036723156656,23,35.032655844174286,0.04648907529233275,0.08174144822483002,0.02858415691407141,0.003364781372398952,2.298478931911575,1,10.478961850976576,0
41.18499986927521,29,24.45032877076781,0.07790747657416529,0.04340489515569608,0.017831873815066415,0.0201980251935847,2.9466567463067626,1,10.140949907013304,0
222.5336792248642,88,263.1057401358053,0.36129765654617974,0.9014940165283971,2.574816745632502,0.2929644152328267,4.397253561098873,11,37.05170621141473,1
33.43297846940031,25,30.393947285431675,0.029197868655713312,0.21563007473903836,0.07343424949358082,0.05008588035297368,3.3107444545044116,1,14.139659948695037,0
36.929364503029255,34,25.227202078294837,0.02042033906230742,0.19482410723114735,0.17226008709458895,0.0004910398171782208,2.701115383675444,0,11.3361750839136,0
59.06059655914086,33,39.463264714101456,0.04925643099101533,0.21661195009594594,0.08764443424257319,0.007960779042456042,2.0664826566061394,1,13.50894049217346,0
45.23099863511504,33,16.138860823550072,0.02002213990874568,0.14928199612642937,0.0028037744435964566,0.0031454801854422566,3.316823840901842,0,12.037177247049172,0
48.76848349604759,31,53.52963606804332,0.03500887681237145,0.11533203549800723,0.08448881172201028,0.032248369015842104,2.2923275669218657,1,7.012891713297178,0
46.93058878712793,31,28.27575202822453,0.028657060565279075,0.031238163217996405,0.23444179721553102,0.007677411257261022,3.530657184374057,0,13.875006486629907,0
28.88662568666352,31,28.596712109922528,0.01714627036746461,0.11787036666240538,0.16671142603761913,0.06136482285108675,2.670286993009651,3,10.865436563321227,0
39.63583024673122,35,54.746381638575635,0.03055257226746693,0.17155322896154948,0.044014721146043184,0.0036217974773717584,2.1280986476222,2,11.486213813141847,0
29.439741340477845,36,34.055189177243705,0.03989276448782017,0.21482149291168834,0.14332821830623227,0.005359988982820423,2.261724189201115,1,8.478556083276917,0
57.69537334545486,24,41.44575732386926,0.010009947240158374,0.08709711947470346,0.2287718323818674,0.009404079913320483,2.0189349619610364,0,12.166821969996732,0
48.737241924590556,30,42.676312953624624,0.025102393638029543,0.03759045360799188,0.04842236112218071,0.021979608697593096,2.3620004290635612,0,8.087881842282751,0
48.06646190073967,15,52.78163232857629,0.04543968851284075,0.03317531908524125,0.03732923845353586,0.029613731769044624,2.2482514103096634,1,10.219427765934327,0
52.60627510764671,40,37.085084250439856,0.02791381573137346,0.04171930014307605,0.46030312430202136,0.032681196994707964,2.4226697528029604,1,7.052598931056797,0
38.36471356417861,29,45.757685318188805,0.030508043035114042,0.012704620402032681,0.1377691407190906,3.577974266600051e-05,2.2745260103788456,1,14.854939223699985,0
18.262223015978435,36,30.474238458015435,0.035982771443177824,0.14142894419906904,0.15029580481717875,0.04153130460873647,1.648326505194602,1,7.345293431194571,0
43.19162180329584,23,39.7953511285298,0.040286358882394714,0.372501891383203,0.012450989611388094,0.0006034620627174894,1.8581335946979158,3,13.636612773488066,0
121.65652259229334,91,265.2216959610822,0.3581022195364822,0.49678409265781714,0.04791046612307622,0.5373236240775165,2.4513923168139424,8,64.76735451262499,1
34.841679231793805,31,26.809553564472115,0.031276166030824816,0.3098763997427563,0.15445545317976977,0.057466826900982516,2.8897407253301637,1,7.468903129159735,0
176.23087148291583,107,171.314036097449,0.19315772953543428,0.8169017837911376,3.576231330919979,0.27547510791183955,2.933729998122719,4,50.966519988011,1
37.40478145124298,26,45.34918728714878,0.04912973257406541,0.12721422663375712,0.27246047940396945,0.03653718364861219,3.4700040542856683,3,10.296426333376825,0
62.09590746478863,44,32.16646757282066,0.023790580154588757,0.16056963605775376,0.01559760306445415,0.017313464009274825,3.219079109126207,0,9.14216452332128,0
71.91258947600801,28,37.84649858514099,0.04211687170369643,0.16335348448953185,0.006410312183815574,0.0014200217494516922,1.9565990648016376,0,9.532976672454375,0
48.10156890892659,29,23.6886911011981,0.023996933502182398,0.1781461442036333,0.10406279717505787,0.0027069896272293764,2.83839103974486,1,13.35818097798574,0
42.11871962562646,32,34.39863228145586,0.03531400045788052,0.06880895676955334,0.0009685500986421467,0.045173403022935266,2.5769905719906854,0,9.456334354996635,0
152.46354557963582,95,210.9949444728339,0.3508070429549088,0.7823432656720845,0.04409555849649627,0.3190488995302516,4.185740863069314,5,44.37978582538537,1
43.5330388544033,33,39.45137946142467,0.027150868219833126,0.04433261556060562,0.02444636861220426,0.03756387285612435,1.827103274680555,1,8.699879135353786,0
44.192593922615345,29,22.992752292088813,0.1611733015000794,0.18723492957406482,0.023358628398136738,0.008836243763908617,2.658553392683106,0,8.140051592414736,0
45.757342166958395,27,40.70372256045906,0.09253132483682432,0.2751786352015038,0.1330843467455001,0.001437243163640627,2.401726543531928,0,12.549569749361687,0
220.66960947961246,80,125.60505640198517,0.40240079393279365,0.6415798627279099,3.2473778585683073,0.4196888133694973,4.669086078917562,1,33.560652424320566,1
45.27798064751804,23,19.906178583981927,0.04078705820960597,0.2970063754881101,0.015604108952867336,0.020302512891418167,2.5136333664487522,1,10.389503321228014,0
159.37157016311593,91,209.07649105554492,0.15062996313210278,0.6724497072583098,0.0455718537561528,0.376929351871014,3.5937311372520093,5,43.614082746585574,1
50.320085322757016,22,28.327051644507467,0.024402204674106195,0.06028417234335901,0.04735486728358987,0.019633095408028045,2.1667018214991955,0,10.412486291776423,0
39.68427388005584,17,40.49455752809467,0.021930820378277236,0.38715484560329977,0.038304400875015035,0.004281691834430752,2.017189615321345,1,6.454004432267524,0
53.17085080889446,37,37.56063035585771,0.07165745523035327,0.07270492928870759,0.04079794611889173,0.0012043166795373532,2.8295273299337196,3,10.735013940473044,0
61.172418339239556,30,31.26744775232342,0.011604438077887436,0.22009002192877028,0.2795650246375517,0.019287122753421797,2.4788930370069933,0,17.23892926811122,0
46.34335518268003,32,45.71513457297233,0.053381964516568244,0.36079623948161055,0.008736436325894886,0.019523643075055455,2.8121725114236256,3,8.03884378427939,0
38.94950819707226,28,38.55710232685979,0.058963485119889,0.04159195919398279,0.32933556358384847,0.025575573239221543,1.6720482547798745,0,5.689577485467599,0
52.45774463597509,32,21.52015516365126,0.0033684697393551134,0.09391870810222906,0.16968089389759697,0.0014488524789865221,2.618406013629201,0,10.758910756401502,0
29.010252977688516,26,46.277417223231055,0.013493871500552264,0.04131895222942538,0.16572219909797406,0.009282442955859343,2.89709672435784,0,10.728440226918329,0
52.34455879608824,26,55.877656079678026,0.03413743086823721,0.0672251837875088,0.05379991772052498,0.009608591571178968,2.8119621556111687,0,10.864904991826918,0
40.74792305182891,41,31.22371437787742,0.002721898255444138,0.12226298600590499,0.06923658274275368,0.03242592857070299,2.7353073764080724,0,8.155010374271928,0
44.38104305298202,34,51.101917800256786,0.008567962023710442,0.19734961539811188,0.018841535407821325,0.02140135158946729,2.689175714625034,0,10.69179963792508,0
68.79122024803523,28,43.465305157224535,0.05256642853029133,0.30640032019202135,0.045891623899457064,0.012753207824812703,2.5935850176999824,1,10.922272250087126,0
46.893765008597526,29,41.11085564584348,0.08366523019438164,0.09407951035504296,0.05105366817575269,0.02476707247827535,2.4528830265236867,0,8.510997707516447,0
40.918345451301164,29,36.82917837289301,0.017253126523136045,0.13359828297355242,0.04126257750583809,0.008956268224035249,2.9551619633519945,0,13.406233464740291,0
38.79969722941104,19,46.54484450944983,0.12177912494672741,0.1902853451310172,0.025939859684536805,0.07627560069032849,2.511920806597469,1,11.087593404271763,0
28.362825773160857,35,38.50872284793746,0.01871069523139697,0.1313041654717982,0.13962969577777826,0.02026736582663245,2.351582582884014,2,12.514069991463524,0
85.0471247578749,22,23.506367799129563,0.021121346300117697,0.2897962399718992,0.02938698244122541,0.008487412385040612,2.740703484943869,2,14.875507584635457,0
72.27431855587488,20,44.234790537376824,0.10233596034498833,0.09157267890468497,0.0023878544310715357,0.025041387329291356,2.7644629430523855,0,9.71155529420172,0
57.603742036920195,33,41.25538121777791,0.06120304136053201,0.1289848667734932,0.01083153354634581,0.011320584515494189,3.3637081356787393,0,10.012645990603472,0
39.192574019419354,33,30.852260163246733,0.03577254633185167,0.23813249486002933,0.04526133439380357,0.027709907469612684,2.9012624004936094,0,7.794916282757172,0
39.448911041886234,25,33.88233136795499,0.035024230310371864,0.3642100103786285,0.01055763063886248,0.013241083519604862,2.256489726600161,0,8.635280138652934,0
97.79368927395161,92,165.23897976771426,0.1582925419286846,0.7897522736145711,5.17926163712207,0.2880182486475527,4.716707905306668,4,30.703401515753914,1
48.65105251690794,40,45.52222219231918,0.0340826956020992,0.1317630856102949,0.12210721363351446,0.042318498008261866,2.1866803755386695,3,9.020000982416205,0
44.57990659827439,37,33.35378128703214,0.06992497388117537,0.08147616598929978,0.14741328295715,0.005054025576740779,2.6329156152416235,2,9.50311921231148,0
77.47891718935611,32,41.00385496927015,0.09368861494072626,0.273717894285981,0.12697587615460962,0.009478916056406337,2.057733157611488,0,13.328543147092605,0
52.67567603301331,40,29.73335757521182,0.006955888737891265,0.039028486414546704,0.12071404756380864,0.022889054750468082,2.433131719423,0,5.699826943150195,0
161.42444517669963,89,329.23282020887353,0.4417698947943732,0.9047254276652363,1.7079423166341732,0.2338055339517671,2.6813664004176245,6,54.03684180856718,1
18.661520610479375,34,41.82865327042172,0.04785536659523125,0.2434394590130639,0.02378744470521338,0.0020364640805452614,2.7902591919191844,1,7.160433092795701,0
48.12433056911877,25,17.863332500162038,0.032824944149191425,0.30584617649526086,0.046844625408384105,0.006525894272600464,2.075202717749725,0,10.1030925678065,0
47.41573494536008,32,32.46957711658543,0.053012144643390935,0.05361892945317508,0.07779617164167119,0.053023649652995226,3.0163208226245253,0,9.526033341114486,0
38.53859281085143,35,38.19848425233986,0.17086290998318285,0.14133688585605367,0.07815920703061681,0.01898967595262298,1.4317795565038598,0,11.136720057383254,0
59.395604604608764,30,35.99025543954706,0.008716073934062459,0.23782049506740421,0.06607591894640748,0.02323113587267929,1.5683276806028688,0,11.53832495839815,0
46.31569441234839,35,48.96960877856529,0.11174822191690743,0.22232185874227406,0.12571107849495164,0.013775307970193724,1.876436375278355,1,4.246994663440334,0
58.73696058203005,24,26.047040964803003,0.02221479048780814,0.157236424950843,0.10728042769073783,0.036346705568293454,2.81871670101997,2,10.454774437749695,0
23.77983591532042,21,28.904617390066818,0.0042310237046600556,0.14522939422894873,0.01659138303615803,0.0056189092128623675,2.4394910388306843,0,6.933376973801137,0
49.342719974733804,29,35.369756541463374,0.02981509991371052,0.2728740162000411,0.08841080129954726,0.02001927834033989,2.6576497245975212,1,10.981441548322868,0
56.55634565134302,26,50.573818584593525,0.05166444162660094,0.11991783921420815,0.265854218272216,0.003523987869550778,2.6625145129981003,0,17.60973045025161,0
39.44403593230047,28,30.609993064546494,0.05335377518421511,0.17548732825698599,0.03699937673344443,0.018254397104260772,3.134983954062204,1,11.644255075848912,0
31.442952935398306,28,44.91724206470065,0.023798617044489333,0.2709168479035239,0.02760494392747533,0.00023525850976090882,3.021959226920138,0,9.406170041811245,0
30.33171614243087,38,53.6407551445731,0.03400171796811821,0.17357266514288597,0.22861284700553208,0.005063375385055875,2.6555777574058834,2,8.821392115554273,0
62.03062957469712,30,47.04512577360013,0.07807688330337456,0.0770339084021056,0.015522469852327914,0.030740823878583876,2.3561268433386493,0,11.02971663386365,0
57.498542707994616,43,46.51458326477246,0.029755756744855862,0.02213973488330762,0.14250963614781978,0.015192579892488971,3.063664034127924,0,11.669136773550253,0
152.65094994426025,85,232.7125724830017,0.22564111732684478,0.9195216937656907,0.4507060362069159,0.17373198254528646,4.523465249570895,4,22.707654554628423,1
61.09548277652259,29,35.3748658615226,0.037522933533220254,0.25112332845433505,0.11128584434138167,0.007069370161176991,2.440184547570554,2,9.47148727776646,0
52.09508307195379,34,30.1250367976646,0.030538465646487174,0.051929587112404176,0.07989156923544319,0.005583978091844778,2.4918354279894532,0,9.428072151566532,0
54.11330108879014,22,35.88575139439821,0.037291144386717774,0.25432359155532,0.13401999617633778,0.006402639306805828,2.5812519107111385,0,8.89178791260053,0
42.75897817601165,27,32.3535298520425,0.012174501325152487,0.1275271183314944,0.14986063672823038,0.00025062528766069917,3.414605206140158,0,12.973039107764368,0
37.241449311580276,31,32.78525665335897,0.04333861207732659,0.1288618020359042,0.008515822326096703,0.001395151530691552,3.02145004590613,2,10.111003959862208,0
25.366362467098796,24,22.395636902067036,0.06689735942479345,0.1651229049697895,0.03738542937573696,0.017671472368653116,2.5861422589093555,1,7.860792054190557,0
59.409834325347205,32,25.00371312250524,0.009369990780920448,0.03339812387203262,0.05138622229811984,0.014199298386597942,2.339365391076803,1,9.746736601724551,0
46.51199164937096,37,33.321663654099964,0.021820918635585884,0.29833781782222385,0.014325580334993619,0.045383338878149604,2.9315372132042774,1,9.0837271573185,0
24.59906657929844,36,35.09208635452041,0.06673866004781145,0.10094603153583917,0.07071846167906486,0.010627922218186842,3.3349165693746983,0,8.489133051317825,0
35.71077857600954,30,50.65283930196543,0.011187952016231583,0.12951737431509475,0.060129065435113926,0.012873951933232841,1.702719708993699,0,8.258058098373855,0
37.55755941153952,38,49.32538390516126,0.04805736951221166,0.06598978313509594,0.26205761930886945,0.03466561229751499,1.9029518938503998,0,11.847761338324649,0
103.30509354571059,90,256.1473350691782,0.25805905543906615,0.8924685011426118,1.9824609287724768,0.2658882198287525,4.047871048172629,7,40.11265795971832,1
79.34787673063096,22,34.091386446280545,0.01375550380111767,0.33109802792475423,0.02321223942702307,0.003962547631509776,1.9526259697340143,0,16.880474116428775,0
65.32828937334033,46,25.828798754326158,0.013781418602738685,0.20833525086389645,0.14880524118996658,0.04447519447717575,2.4877853729857686,1,6.282780292941658,0
29.243964887403813,28,35.93060798084776,0.05138226833825737,0.192003033259786,0.007641049702950946,0.00666014377383554,2.799451486390022,0,11.117033371934502,0
64.44176490832938,25,30.113325227538887,0.01733688568674225,0.07418030994694583,0.0738962393478391,0.0024782999649223393,2.7803605846179265,0,12.681326650134576,0
55.30794385211003,37,45.89998113194377,0.049559900615866355,0.13786662262160362,0.15509760411282786,0.012663250723138123,2.6686461345394124,0,13.634104060774288,0
41.37380480605064,31,31.87397375379223,0.042288047744244,0.12973275350666622,0.056582160244368906,0.010900140285465843,2.8375282710703895,0,13.317900619888785,0
17.57872402163865,31,41.43613889259813,0.03556995293969629,0.10442380541043146,0.03294396148524583,0.01585028293345041,3.5000126663259143,0,13.522100949896874,0
60.103993756980415,36,41.85821978467183,0.021993292356595417,0.12257236040326838,0.0065694741296110585,0.002050597609195172,3.068982034166039,3,12.27431770006113,0
43.33609418963114,29,66.39917073861977,0.011648429241050435,0.06515411882042776,0.08463412408876897,0.0015506276741715306,1.4566035069848187,0,10.85016745332462,0
106.9955256365524,100,182.1276607591016,0.2215581135695055,0.8372598024208727,3.7873597802316827,0.19480400295665667,2.9741339182475377,3,39.936060475377474,1
109.72770250293007,98,203.62896806170036,0.23749783189621645,0.5766762127266526,1.3400561812008323,0.35281856053966,4.514135787509963,3,50.327440369572976,1
78.18739889379691,33,43.77948710185374,0.02160850108473656,0.27801822670332665,0.007766753055951824,0.011280937810084756,2.9862444256666234,1,12.636321060857535,0
63.66736107461107,38,26.467814997296593,0.05336446597556081,0.35307779515928417,0.10066584611864965,0.010242633801558883,3.4541495577137766,1,17.668581473740865,0
67.80601244642872,22,25.842356631567217,0.032997893735574206,0.1386442552750545,0.14590093993537365,0.006601452278856085,2.9950493949130577,3,6.257860178308228,0
75.03963395667598,31,45.7886408231574,0.043590517070645055,0.2896734537774506,0.051717958074668335,0.004140562739385985,2.096192787685526,0,10.583864513536941,0
57.716195553602496,28,28.111408281980424,0.025314661069292328,0.09524807176146864,0.28061548692601207,0.03820096053172029,1.4169933947306859,0,8.171582114824629,0
63.75339063020428,35,57.87809810868001,0.06374874823088918,0.026722294948620152,0.15214848405793946,0.010096231128768092,3.045091533943995,0,13.918837163349675,0
51.18990953443087,32,31.065754470003284,0.0014913177644509522,0.14375631480241463,0.025009803193705223,0.015141961519485993,2.1426145732548663,0,12.462345940624676,0
52.07957620417065,32,39.49112851839724,0.018693282240746508,0.1858743148110528,0.19867013827688157,0.025387973239615065,3.036803899725051,0,4.428342384956684,0
61.08935340936683,32,37.04039100721811,0.04938324441969451,0.22445614761973684,0.015030861011092337,0.013088195857469708,2.378973578911371,0,14.177792311837688,0
180.2480259171841,78,120.99168040719455,0.20895168586416257,0.8906447769114371,1.1080507680144207,0.4910015564227252,5.604826208782548,6,49.08674893213861,1
56.07419733820248,18,38.60056148405881,0.11778521724808012,0.18336876460852164,0.25160468820126636,0.052721531461700645,2.5433061302768833,0,12.248092267357237,0
157.83541213496966,100,233.87108779089343,0.4828805722184982,0.715424314419738,0.7185325479268203,0.2535082793153002,3.7453992442003132,4,36.8516726779539,1
72.89690335508129,34,51.41998032035308,0.008903653523798658,0.11953021937490917,0.1512136296709077,0.018329144301543723,1.779150761588197,0,8.846425650293943,0
45.1627016492501,35,43.98913851499825,0.022673745672854753,0.4042934711195156,0.031291111807642984,0.006567585309047522,3.2075517727063128,2,6.773250469711486,0
52.08019198284693,24,36.45231082618747,0.0034381665260966323,0.2414513477300079,0.20248052685310924,0.001475211980981126,2.1333520784059155,0,8.728269948119973,0
40.967840602101155,33,29.338709722890528,0.05493705444114713,0.09284659988004354,0.06195441988086125,0.007684146136069253,3.0001785727082924,0,9.54215804999523,0
53.08200377478645,27,29.49560940540703,0.02618134886471579,0.3701568087948137,0.009670487118154363,0.056122553404606035,2.969967778164036,2,9.059444246852289,0
56.233896510183214,27,33.22069128094602,0.03284411019549849,0.1495397781479454,0.03469869275990749,0.011930618541772789,2.5536027505536643,2,7.25576618079065,0
53.11148912060834,18,49.29078704883235,0.08777709973091803,0.29481123534821413,0.02174210890597833,0.01990390559302369,3.0006058710881507,0,7.746792454494129,0
49.67432636282869,33,51.93588503014257,0.012394076618897078,0.092255017153084,0.2268835221720678,0.044874343600424534,3.295750538408785,0,12.068719368732607,0
59.90239278740539,25,45.939183961020795,0.021486933130056313,0.16831201910147559,0.07851266425563568,0.012963947971734936,1.566862588182452,0,8.165520305416276,0
134.46039114158683,88,198.48692359908617,0.12904967967138456,0.7685144465467058,2.835747624722953,0.42914178400806385,4.993474269518577,5,39.424763964209426,1
60.72145606954089,34,40.97508975243219,0.023697822299721144,0.1678806510066229,0.04458226278691545,0.010403153744341169,1.9340613628907728,1,10.002991921799438,0
136.43978057960794,99,265.0709552131198,0.3775036411195044,0.7129922883141305,1.7846177403363181,0.43075608289912676,4.774426498098366,6,20.726469219183848,1
66.31602306273912,36,33.94259831506037,0.0666593947766302,0.3291630037832973,0.07439191617430824,0.020764524801672977,2.2767960355178882,1,10.726564637253995,0
38.51132493776858,30,39.43863398632874,0.011089850946845363,0.17668587303367572,0.07617965797823795,0.020607905959626572,1.5889666762028827,0,9.83627621822268,0
19.60961749996897,37,53.15046270460303,0.018231780261786863,0.14878397321127115,0.012017718810047765,0.017688277806336687,2.7274067371254267,0,12.592113250845628,0
29.379199898368544,27,41.125545741525926,0.031812315228601874,0.1994494375848142,0.1448336566655732,0.025630421800396565,2.508000974030097,0,6.806584343421291,0
43.18825797837484,30,33.97564510416757,0.036489018141894425,0.09736682013855236,0.0008989603859695642,0.007541545135100284,2.1261163237842577,0,9.919794281367453,0
63.372770537966964,28,41.063835242430635,0.0261900111627618,0.023339623064934277,0.15917161372462385,0.003861715053082452,3.1061001284529737,0,8.949359823598176,0
42.90212808394665,28,44.67679040593109,0.02633073978980685,0.3073400147990826,0.21249935512194412,0.030860440244601915,3.127282917084936,0,4.872336759851992,0
48.318216668716644,24,33.585209359845784,0.01267041139939998,0.17745291737895852,0.02997091674126678,0.010813357993376418,1.9091834094039863,2,10.06423841571189,0
199.03034282735112,116,238.74183861020174,0.30239589005225836,0.7594198058817391,3.1335010914677937,0.3130472445570845,4.5284641340517995,8,58.35009404886782,1
42.159107691332274,29,47.03951814425276,0.0238062838782478,0.02098605760764378,0.02524727274191726,0.014791873113402692,2.6701720879287913,1,12.97348695330441,0
55.89042036310983,29,42.78036076309741,0.05132385192883952,0.11249498470032442,0.05522533972012265,0.003899774741725107,3.1255740085730155,2,11.652697055206094,0
39.499474110723014,28,38.82133075952208,0.043024305099149666,0.17762410592735714,0.02614758834174212,0.04138678430869548,1.9394861422245602,2,4.691339658346064,0
112.70900460000544,104,142.33762642611737,0.404140972130458,0.6806140765627852,3.1656771018114984,0.37854814058505803,4.462067540021094,4,31.192206398886093,1
68.0786989912386,33,37.99637609068601,0.04607384668972133,0.04103571715231979,0.07046674109465438,0.001059105957119646,2.326493885984438,0,11.891102875735864,0
46.93395907511139,27,38.19789514199889,0.015488005020414782,0.07800875437048221,0.1313287146926242,0.02120532617900094,2.8688125161779596,0,7.087880775839725,0
48.24425495791771,31,29.83622370582441,0.0162592859718708,0.3343837605046834,0.01689102171624283,0.0005735877754891545,2.0168876143257393,0,5.236562298631978,0
191.60215224364197,113,278.38573316725086,0.5022694818994747,0.7890800733365542,1.1386046584491485,0.34034054780908496,4.993816560666643,5,47.12588192990064,1
35.865970120654936,34,35.5735276689651,0.04474714261410071,0.12031739644905728,0.0687396049677753,0.02163458422822609,2.2552399553779416,1,9.067424686855544,0
36.2060876620063,24,46.9547192147826,0.03702610065054942,0.09866292847428167,0.0022087766634390107,0.000952818190016807,2.9746031191994478,1,9.521524789318942,0
55.678612463770634,33,18.262339102655343,0.04643919024316607,0.27498948913410054,0.05847006090614868,0.014699264192164593,2.5897153534961443,2,10.11585347648471,0
192.6801891903765,92,102.03805882222285,0.45231920572896644,0.7694387478926725,1.2779273465828098,0.4001104333358026,3.996230546949241,4,59.65052925821496,1
39.769172548972165,32,39.30371437094876,0.05747645303506294,0.1464148177460827,0.06809238080146374,0.006289104340953182,2.922365705163329,1,10.097826044053718,0
74.13584409811897,28,44.42073176288898,0.0584979812386948,0.047301640068771675,0.03228392648676119,0.0003388950504995175,2.807251835261088,0,8.471434628441422,0
58.07457913343647,26,41.27302065508497,0.008761110344859862,0.10880415991660322,0.18077209657117974,0.0009429080436902736,3.128995335098972,1,9.246581530217888,0
46.792729007281174,28,34.311802265428256,0.029260636507204063,0.20814655590866238,0.025789261494273925,0.006724033280359874,2.2695401916604796,1,10.824139980840064,0
60.77837224918353,29,27.714550598076798,0.07030125325453777,0.18637203741215952,0.0431553843326509,0.013556922134256294,2.654759222532174,0,8.26808636413486,0
147.10316205061133,96,134.7123978627601,0.3243900314624086,0.7933498142596791,0.37319039266656817,0.2600793083656368,3.732062262497424,8,31.96835572448454,1
68.29749840080684,32,56.35453836086024,0.05517389468322943,0.20453199821395884,0.4351163512680284,0.0073089621724137625,2.331271151601426,0,16.395951193701617,0
83.20176341702296,25,33.82046357665282,0.013288546883149132,0.1341920845686738,0.10997747696683002,0.020045287219396715,2.7779423847330174,0,11.977344418831198,0
41.23799174652183,30,53.77805988445398,0.06577304751917656,0.04844400412308831,0.057719096872297516,0.0014516454692655879,3.179061809809662,0,9.644919165092464,0
38.2969244989513,28,39.17340224819965,0.0053322344358358136,0.23271114952448316,0.07841677669739314,0.010288528953174591,2.5846695022151245,0,7.949574249623106,0
55.862605245029584,41,34.23515549097775,0.020996040124863086,0.09763121621021832,0.06488193137342142,0.006796149591099562,2.6378252070867627,1,13.970439018804992,0
35.15410892651633,26,27.470277989508883,0.02287049389795425,0.15231998852035986,0.10994745337778944,0.009898143853630418,2.8608522285087097,1,5.955048648412205,0
48.703655965104915,40,23.622557644801887,0.03533499986587969,0.06943449249756009,0.36427922493554127,0.025856686392036362,1.6481842587402393,2,6.529740135259756,0
213.18349693334932,86,197.83015354480403,0.3012098118209618,0.6860719798009862,3.9962053612136628,0.36712537605683565,5.036638288553724,5,54.36759966293519,1
60.15659447425011,33,38.681931152613956,0.09546909448049277,0.5555784225218946,0.13641392741559152,0.002992065259310886,2.3297188967011886,0,14.419636308138326,0
36.24486344697558,32,36.26265936054377,0.039930803514422686,0.3830207578758218,0.32659363391209434,0.009967651804516605,2.5455056012956367,0,10.099352346110395,0
43.06052750873866,33,46.47558877631176,0.03491606701017179,0.1699884732255488,0.07835492919424776,0.00507102616635882,2.748664246094857,0,9.83638735683021,0
49.52261539348432,21,40.83054496469456,0.0457574406735619,0.03458029290045782,0.01054923062997342,0.0019537762588508144,2.6316544990262547,0,15.381938870894047,0
44.43920369453874,32,45.619185640472885,0.0316151533427388,0.34765877547728047,0.05053464731737714,0.03018489486721937,2.9941496500663702,3,13.330851219743387,0
79.22680187579034,42,39.90351438670738,0.03445594645635592,0.12034263148046677,0.4868755006286768,0.03229915856809883,2.6988723581242455,0,6.558924902025806,0
25.175311195339805,22,42.2729574223271,0.054312714059916764,0.11374443332274677,0.09514432620181956,0.0057793732781601425,2.7456055555324994,0,8.869826428591203,0
32.733806814872096,26,32.41020561903224,0.026433769644286974,0.24143580215464028,0.1999443897085505,0.012962551897594904,2.691350719925048,1,3.2542535247987807,0
85.16641009585041,29,42.868339526572214,0.0050485162223482686,0.08551734510709158,0.21283523333482088,0.004177943903104023,1.0660872141542157,0,8.891475377324268,0
146.8933156968046,95,245.19330718553184,0.4052650327186959,0.6902774738506846,2.037880172026875,0.1319222507426225,3.7856954989678546,9,35.552512200409204,1
51.72519124791029,30,21.966426590164232,0.045975140038450706,0.1474075186401629,0.0032154678919071437,0.004568476452442057,2.0236344153983388,2,9.078422846775284,0
131.19241159746633,85,159.49559676083942,0.22431053713199034,0.8011033291474869,3.552582973967096,0.265237145991144,6.427888892861284,9,33.91586153671769,1
45.71136123248109,29,51.24624514854821,0.06303225073831294,0.20552209718791328,0.407318288121826,0.023908430339684334,2.743572206826138,2,8.485893596314504,0
65.39045654968518,30,23.816698898547564,0.020183602436875833,0.20861405552668824,0.06873800375868384,0.013792488755986683,2.4957131391470697,1,12.084744383166417,0
62.297161095148795,37,32.42331865666277,0.014937629339161984,0.2175161920242989,0.2759170711729353,0.0018919331538866596,2.2204567451177852,0,14.345400720656581,0
46.84984550708935,28,28.992380467998387,0.019193959647993385,0.11331548572757058,0.023766510516299574,0.00330005839177156,2.495009923412105,0,10.996601439795242,0
50.33167030442738,34,40.01281638533012,0.05471807447803617,0.15900012462411814,0.06552451492298131,0.014869837858254725,2.814263733128948,0,10.837968217935309,0
168.79977371180607,106,51.879458737253714,0.4079362485019907,0.7175550408064536,3.1857841239092552,0.3515066506074891,4.234648480366249,3,35.72427174834014,1
51.740044713530104,39,48.37608767795986,0.06758076744968051,0.4178509852516276,0.14266188634847926,0.013473000954650408,2.473120100396816,3,11.588833699931213,0
45.81040395698801,27,43.902493118928,0.009433678401811524,0.07848453778888088,0.08730101373975196,0.005916375353380661,3.1233665856189807,1,13.763556041742019,0
41.0139494143331,31,47.411816221066616,0.04272872545654782,0.3250294297669781,0.12079424861873655,0.008552703658491713,2.784003302436455,1,8.961421817444018,0
71.71420258448249,28,39.938637856143686,0.04112803032134154,0.19773677144236354,0.043348502715582764,0.032254136854229634,2.5470933769353574,0,8.489577017724976,0
73.65054223212087,36,41.11764417489634,0.02348674673056536,0.07482888627829735,0.062276803399245885,0.04333803279816554,2.029762598250904,0,12.797380098776271,0
48.62844227942413,22,38.30220824559226,0.07955811951290158,0.31701843984179817,0.03987203181164196,0.020274044784593905,3.632189257009232,0,13.779262059540173,0
44.87882974737889,29,49.57886097090837,0.05650146801728701,0.07866018820247032,0.0132344960764324,0.008954400119278309,3.719895427778302,0,13.007895050456728,0
10.040459488356191,27,25.093566157837756,0.00939468856620398,0.22128727236762383,0.14387014077727217,0.020445870269749932,2.56364652185476,0,10.373409711502546,0
180.8634242567503,93,197.82773339365465,0.32355364942767634,0.6827100778846785,2.1722464592872357,0.3476278059413232,4.062141872587483,4,47.50509555443699,1
61.45592235525578,22,34.53638441349416,0.030137943124871797,0.10392708701708508,0.27798259292614214,0.019588938357499922,1.9756641508965929,1,10.605699790438429,0
19.484831706299396,30,44.812815616456646,0.03676035933587431,0.15818149159350953,0.009413528632178564,0.04576855177938065,3.0071727433635007,1,13.260530601599775,0
67.84861037730622,24,27.074925120784265,0.03517245403495627,0.3456507292032654,0.005728749064543493,0.0006873140321592781,2.68912993887886,1,3.238874743456467,0
67.16315224282164,28,43.88197132891452,0.0395744116500838,0.5526054663350469,0.10399656685619918,0.042330920931775436,2.6190283728988772,0,9.427314638536053,0
60.87794264315164,29,32.35284927397022,0.14246338831175664,0.09898897570172432,0.2228892471691121,0.003407041150678957,3.160849306842165,1,7.591303673146953,0
122.16354102880427,103,118.66253373055392,0.2559043539677919,0.8422912179442308,3.806485750046029,0.37197477638419807,4.482663073751261,7,39.34792020156903,1
63.74452262663551,32,30.618583781907795,0.022381077664790455,0.06159131390039176,0.03660391977997791,0.007938731599950627,2.5345559301452383,0,5.285449518071448,0
113.24314456850121,109,116.24133766290696,0.3633711132985589,0.7028857995896174,2.9937229827549414,0.23988309408483455,5.631204604435512,6,25.212509641070067,1
61.259087612390644,23,42.00977750624193,0.020630547803710177,0.2262737637923779,0.009366500031030579,0.03377454539609997,2.1668654695272296,1,9.48450994160887,0
82.75859338106974,102,223.07012344501362,0.4556110451533971,0.9680700757550347,1.7275178574973504,0.3090323926410426,4.536262483967956,5,33.98023595942235,1
64.63689975146589,25,23.05269910011903,0.05629674963538739,0.11558525845705854,0.14210586636561237,0.04456042247187809,3.446012278931962,2,11.891212680551691,0
60.98278155065492,24,47.200903464272386,0.10070996592009393,0.07889333262727531,0.06103111051867438,0.002488255009958952,2.3640954669949292,2,9.954988806426874,0
47.48854574015517,36,52.393060438427625,0.012667090394434652,0.1901512345573295,0.10213360796176037,0.008392563286642896,2.059505570510154,0,10.564453659069807,0
36.16031078834107,36,37.49089669732045,0.03499190644968444,0.08317272501375579,0.06575877023426162,0.000593672655145217,2.106292724803088,0,6.207914155791115,0
63.514872720293894,36,46.321603886798925,0.027768551395972136,0.23253959754098824,0.31576343475494556,0.0415867174898823,1.5268805313164115,0,8.684767911448406,0
54.74750790123569,26,46.32606671355407,0.022976861929681753,0.12394159451573546,0.028001973531483954,0.008147235596320182,2.5695197123810614,0,13.051187997858861,0
56.47611778471268,27,35.3776718398507,0.048028981246245786,0.14408267986882836,0.0009294432427808083,0.013627781687916483,2.5380858786354006,0,11.557922771483259,0
50.87736565096756,17,44.26000859879032,0.05344578034624586,0.2891473170333894,0.08724546614307035,0.015162074177880566,2.026069590413963,0,10.088641978146327,0
51.784993424733216,36,39.47320449758013,0.0415325806228226,0.19112501327622405,0.02049177352348581,0.05126917555936559,1.9341408628109673,0,7.726921156266062,0
116.30449781752655,125,210.91160283805053,0.33874150247194007,0.6298445141940484,1.144294314630433,0.3326853267018945,5.076843971370187,6,46.80662598742511,1
52.495165980636,26,40.514469758548444,0.08256664115456815,0.3452543078388833,0.06819082713591101,0.04410915285058167,3.090057138732816,1,11.828814340343012,0
46.520751229573825,27,39.34409245756196,0.03150252302235773,0.34959606900370965,0.06626151773791822,0.02310809752984359,2.754444185748193,2,13.43971699443589,0
53.38780701275274,27,42.52657210754939,0.08132997855619814,0.26926323548273673,0.005452265797480128,0.02771152421999476,2.2636467608336246,1,10.493303138870756,0
64.00132298051908,116,249.20029472232423,0.6141374786174093,0.7465225303780013,5.302391665719728,0.3511141143374096,4.022760971291538,9,41.83433827921097,1
55.85008895637967,37,22.615445968298314,0.03311434292206791,0.06274258391691097,0.025233238342601327,0.007156676072706184,2.3985570619705907,0,18.17824567158101,0
84.91382745625708,36,21.627712184283954,0.023995750496420262,0.07391717265291917,0.26104576806713564,0.007697801659002228,2.805121119658884,0,15.238091893134179,0
30.00069478035157,32,29.749067708617122,0.01756694563507441,0.1823472593281111,0.2678439964980621,0.0031205905222059576,1.743676636545783,0,12.397572965547036,0
53.19793098343153,29,49.1909936676065,0.027825557396714964,0.1864746368705687,0.12101170345284087,0.008517433540337157,2.7019369932194,1,4.926346985368923,0
168.64564969328814,107,121.66910942489847,0.27514952989096175,0.8131994484221183,3.6345081342826187,0.3114983937958801,3.5362048637666077,4,35.96303243275496,1
27.999699598857603,25,19.00939291184292,0.010932639339726215,0.2356091611361302,0.0048004671943748176,0.03777878783471865,2.953828396417831,0,5.2944029478063985,0
192.5652934810444,103,163.4979572809939,0.23521202988788373,0.9484306078598879,5.544321795255279,0.4462483934321081,3.5644282996311203,7,25.00047665992026,1
79.57519640059863,25,38.418316289237495,0.05959446014589441,0.14298451475134116,0.05045265379908753,0.04028869161455806,2.1869742586727923,0,13.895811145998106,0
32.79443623007516,41,45.247246134461946,0.026212993175931384,0.40651874969320795,0.11129166460667105,0.0006614772092133671,2.336369600238615,0,12.309699476124031,0
133.7593280039706,95,211.06637082543855,0.2987564298047105,0.7215952089303498,0.12794992706370523,0.26594960533720813,5.248066759823938,4,39.07997126571098,1
46.70656711495658,28,27.983178628391077,0.04369581375528471,0.31691131366734604,0.03779018666370286,0.02539368208032451,1.8519304031239527,0,11.999790943232338,0
39.02692959282782,37,38.00164293938033,0.05372293512664216,0.15929435792344704,0.018378233597676288,0.054245809453251075,2.9716986078255365,0,10.165714991096632,0
29.688581066149506,31,62.73145182850619,0.08877243613517935,0.04046751347734605,0.3458583582352721,0.01743374207862201,2.0108173452666036,0,12.54521147788525,0
177.49205196427442,98,233.0515141517886,0.39643109970621604,0.8944294487081776,3.626376962728844,0.3244919167693311,4.258815934418987,3,49.46065289747811,1
39.271279193285075,25,31.01204900370731,0.08940795846196024,0.05715933901831664,0.0801801089302343,0.015337769231882636,2.2695090893134657,0,12.705055682971137,0
11.720235873705043,33,66.71901042096738,0.007256485786172531,0.12163151824753791,0.01710948356403926,0.027681800465769926,2.723615041618266,0,5.5453671516711465,0
62.37865481607376,40,49.037453381775705,0.04443346866413699,0.46596412868271053,0.1544984329157448,0.013130876262170518,2.572295916342845,0,13.980688175134166,0
52.17832060709448,31,55.81581581068768,0.03286177286846596,0.0688022389563924,0.15940782180758103,0.021325987655459604,2.9490285258112237,0,7.124167615079568,0
57.69675755456955,30,30.36414133305766,0.06238553111878543,0.11681690144469907,0.09243283895872922,0.017176340399617514,3.7695667979679497,1,13.59579369995225,0
46.08426772683637,30,46.85827127354034,0.02811040944436638,0.15991971705266325,0.0701507099319184,0.00479247896761258,2.5300467607030503,2,8.663379161998263,0
36.540168113593595,22,25.904476403745544,0.019992713279135908,0.026395734946887926,0.13527851681348096,0.0005756473269446262,2.869864471995418,0,14.182104582105321,0
72.86063515959121,31,37.00838665286473,0.042891379615495114,0.0470089732077042,0.20186416918516917,0.024860156274490206,3.11594823471406,0,7.424049628964878,0
30.671643605941274,40,30.88640781120499,0.05128534803109249,0.16169124997468848,0.15230753377877534,0.00010093868212168192,2.2194112845891585,1,3.960442024682429,0
45.19055661408067,31,38.52516512450566,0.05258590857188307,0.26704841561678055,0.027140117331851676,0.004806692070802004,2.3346456873353127,0,10.496386055692001,0
31.881948823835863,30,51.633373287647025,0.03681846868926308,0.24277591330260298,0.043725743353021485,0.05882675505160481,1.7514234145982153,0,6.597857554548993,0
42.20559279765879,24,54.23605843300541,0.04150773625341612,0.1282070445412413,0.12902371415201255,0.01837187515129146,3.6912955819742885,0,6.468812222057199,0
60.10851258485507,40,53.95476348879404,0.05572873573102168,0.06079525253188609,0.0011933043500122896,0.02755758237459544,2.5273664526151993,0,10.872057928707262,0
52.66334200748326,16,47.34807736143553,0.0048020192382815805,0.13728718872987075,0.17330034080113346,0.007777971833977154,2.30770378349171,0,13.586202113044582,0
42.91366606901956,33,17.188094052174332,0.027342265972360166,0.2964151004768513,0.022274946725155696,0.029790545736554205,2.468493359560748,3,9.128056925179381,0
91.12659763801157,97,-11.612904229867638,0.23255279887319535,0.8805057583060403,2.232137605255613,0.424185515304833,4.99319532618983,4,18.31808391625909,1
37.677262401556426,36,43.919387647629534,0.022633105272874054,0.26835831459123777,0.066405235397232,0.005272289565990149,1.6140592883369127,0,9.44390761658147,0
34.943548786341495,41,25.528892325948533,0.05734280209289869,0.19810688451141045,0.06726394947512003,0.0234812215100163,2.287874416121719,0,6.282701337999017,0
79.05534431647447,29,36.226104812122564,0.005810821607844846,0.06491409631776812,0.014540593049696751,0.007196860175384743,2.711597686954452,1,11.993792084287875,0
58.654687321529025,27,28.50840088784619,0.051055637829201486,0.026261195870177844,0.07199606746917263,0.058082025638685364,2.606864472596371,0,4.333156073696136,0
118.59927160999825,91,209.12046478383644,0.3058077778134023,0.8477756237454622,0.17727238662423106,0.3195973494418606,4.680456724004797,3,36.88282913464502,1
58.913288936962665,25,25.92434347110928,0.03700299676269015,0.14833174726890197,0.11895291416970331,0.0015101077297103803,2.527384526184818,0,10.871443451898095,0
58.83401301505601,26,46.18482837744499,0.011270978954898633,0.17446122290176438,0.03767902141439173,0.0005526312293415068,2.3153137196367384,1,7.550416889364448,0
63.94625621354241,33,24.292614089245358,0.024930450335635884,0.21492876199747477,0.008143312430599807,0.0030454822179161465,1.3316159235752543,2,9.605238890896535,0
53.73759938232102,27,17.835139486379635,0.039361107224198964,0.22925468406901853,0.0739579462149034,0.06965137875851393,3.1066490709000383,0,11.026639690401652,0
169.2298392357406,107,294.7027147876681,0.44009175198179556,0.9010559505865207,0.5124491459575995,0.18346278815859793,4.364355470011373,7,29.398770746467243,1
60.71660791033617,21,44.30672342422917,0.017204112439653592,0.09759084649361233,0.01080063092323018,0.0006215516702696095,3.2553949613969193,1,13.225685587064438,0
71.93388632586682,26,27.748084665292936,0.06126346068291967,0.33180586646871724,0.011876132583679314,0.03759879270229277,2.546942849377551,0,5.940815188413888,0
100.86397515184684,33,33.07292892295156,0.09478517046617778,0.05482157237207123,0.06786145292434215,0.00966550504507271,2.8202604101049547,1,9.774328371932402,0
74.88047940066424,23,32.89405166631898,0.02564260827426769,0.11962321508171639,0.03825879543655786,0.02137906066055853,2.4162978150453296,1,13.791608916273077,0
41.60845562391537,32,43.87833555116841,0.07850282855234202,0.2210569559879336,0.1985469685092709,0.056795855600204,2.1805367745819177,1,10.431931395813773,0
24.722601073685937,38,26.762098882652975,0.019693038211429863,0.19371814602117232,0.09348833347369667,0.007916760471563202,3.466858721663449,0,6.000262955293098,0
42.64419430557301,30,55.55266620011213,0.017997472133162443,0.4205772170889256,0.03252780044340059,0.001410376267168342,3.5083577194951383,0,6.297720709428127,0
64.1129085059366,38,36.208916766842286,0.11797200766815001,0.25146915396333275,0.027837370181246653,0.05513998293755482,2.111602140795386,2,12.663526462513028,0
51.147682009876576,32,36.76675736551553,0.04694702259209519,0.16469403151587605,0.026616967320865628,0.016629103934460727,2.850921539296897,1,12.520240012110005,0
71.76475965474883,36,54.85456295071537,0.03195807006510144,0.2647901294798643,0.00898266580777115,0.03298311846587901,1.7989475426164765,1,4.594087264193601,0
54.102180117768604,38,31.3288375030929,0.03957936499986555,0.24430062718691703,0.01307619153448861,0.0936568107477925,2.333352945547798,0,9.393476251516406,0
39.28543355667604,34,35.660419526743176,0.030564634092240864,0.0932332748958392,0.18554778381552153,0.10686389607151131,1.9963585442109193,1,8.217320583787046,0
61.59114981567913,27,32.576550266318925,0.03592964450993257,0.07726545056272023,0.14722547061117697,0.006186249386579015,2.8322010117131566,1,10.777093667371338,0
24.336791000524666,24,52.35873807316846,0.07008760856245938,0.1482658432769131,0.08035280042147443,0.040566338993090714,3.553171116430696,1,9.148578259086088,0
43.22591131225243,36,36.33111265492126,0.08904536878457105,0.2982095160922837,0.2514015536046972,0.020191816943454968,2.278281064074789,1,6.209603496187739,0
65.6042672157833,27,50.058166710405004,0.01805460446422241,0.18915504793484259,0.0756340567584245,0.0044908347320017,1.9068420086573166,0,11.80564313407133,0
74.54102746256208,23,41.50557495152772,0.06017219484498249,0.07404057148114207,0.1604730768764306,0.02443002643345628,2.1750635534915417,2,14.015947769722999,0
51.203178100043885,24,31.607281393798875,0.011818277787680586,0.11111145641558375,0.03510205174586597,0.00498986669246535,2.2695899980773753,0,13.029285590956473,0
51.52380213386447,27,39.14302558543751,0.006653837438349713,0.18841047841376043,0.23688885408121216,0.006174084893699701,2.18945003994671,0,5.9062394653520665,0
61.82659120441251,33,51.488717682670014,0.02690328671753035,0.014947381384545915,0.12424356060473828,0.01635752941249704,2.7924036807245174,0,8.746286269606985,0
35.191145081555895,20,25.364299890595326,0.004572424884094716,0.07404522126195506,0.034220144746389035,0.01132548267247466,2.521158544497021,0,10.938375976518746,0
50.02264300852948,26,37.15454097749668,0.02279324280012089,0.02852426955071758,0.032267908651648206,0.008358070241797267,1.712205342243218,1,13.491244460196839,0
32.27347765664334,29,33.336236660561674,0.10124816012907972,0.14617381938098697,0.021139352875397813,0.008220950896463537,2.440137771996749,0,9.444242827060679,0
22.995747685875035,27,35.738724228328394,0.002452948811558634,0.13618426182088092,0.0655698173917586,0.016390569038658275,2.800818655931911,0,4.223822259499311,0
38.00200984572663,41,38.147576751713046,0.02896766451546589,0.08122769495308929,0.24908561721571487,0.02950819657281578,2.3641505416048276,1,10.72908827128479,0
79.5132628531624,21,59.33879067689638,0.004309295764763543,0.013571150805694009,0.07148212721920177,0.02096269695076717,2.6634842238111403,2,12.197388082410866,0
54.703964543256596,37,27.580561649979515,0.02169248621217322,0.41850833776949997,0.06543588683127832,0.0362597733475023,2.109941029931766,0,8.815938624616644,0
53.83487845093319,20,44.46511927334483,0.041695192522174275,0.1921484451703505,0.11054899957114124,0.0031031081647364634,3.0043173064627933,1,7.110129517679004,0
190.06038176246173,105,270.52181026259603,0.3599501743249382,0.7568812981650185,0.9775181972080191,0.22547696120754745,3.5555132691482947,5,45.03437025984724,1
158.99408100660983,103,215.30181968801656,0.20809927064684486,0.5665383030056512,3.2274605570259225,0.3236084863218725,5.134264842567823,4,30.24451635962147,1
21.54708722879384,35,37.390224875165515,0.009663279667543942,0.06391544401153185,0.2606756265282086,0.04441455368989767,2.4370023693273972,0,5.936626850566688,0
197.05073968220248,71,249.41863603994545,0.504157163268215,0.7890059271999511,1.0718930072876027,0.44607842104260087,6.041169031537628,5,41.92173160488548,1
37.44925686994435,26,39.36349393986932,0.03289015376783111,0.042187431312727855,0.023585701449222396,0.006166669581996462,2.478567312316288,0,11.324661124298427,0
209.79178435545407,71,211.36409688264453,0.19749008712842933,0.804408022554337,2.1720878701219255,0.3246760681347613,3.996665680374937,4,45.23166761358961,1
40.84607860215317,36,27.00207160682161,0.010536582682816887,0.11443710735494912,0.10701812145245251,0.016200092103208167,2.997818844686522,0,10.204206526766711,0
53.9358035916774,24,43.122017396987005,0.030149973686429413,0.15492320978907614,0.3388384960341184,0.046395837470838454,1.6008531930779464,0,10.369304466817631,0
145.2220127130911,90,208.8817189911528,0.16448261877328235,0.9367282961320343,1.5838759860025695,0.3120983272173191,5.178701294496761,3,31.55004758325013,1
36.842633762211115,36,41.15595560181984,0.0015843033585977919,0.22657976633204482,0.00973719410016128,0.006920242070670627,2.51326752545985,0,13.886974783147414,0
38.65052213119268,25,31.083515806901556,0.037840206700390726,0.13010561756172784,0.1703168173313637,0.013452390208453832,1.8806708226047348,1,12.493796229441063,0
117.27487602988126,115,244.59036547866796,0.2541263069366118,0.7174643437941636,0.14247868738989974,0.2981230873304788,5.74323534231246,6,45.63264972308698,1
52.59901123096283,21,17.80733603667006,0.04784449911690193,0.2366597819788813,0.0032359788437026993,0.0025325352963397312,2.3635718185427996,0,13.468156410845669,0
54.11763108042521,34,31.540803817682416,0.0200709415649531,0.09423286481716368,0.01606645230665053,0.006493271351840412,2.088794080055769,0,9.850084551956591,0
32.80813170634655,30,44.44088646326886,0.014811117762658699,0.15096633725697278,0.018607078246430424,0.0018737927183425185,2.1852444912537266,1,12.41972811254028,0
138.50344099648368,124,199.5850023144625,0.4157498596380353,0.9519030902938607,1.5181775358418794,0.3471866671372081,4.471266941616119,5,33.87673567174253,1
143.82678042619338,110,122.01079190634495,0.3357400426445978,0.465871548058671,3.393473235355287,0.48323161031139245,4.984094186211544,5,42.08610624105221,1
128.97294804124883,79,106.02790284303758,0.4199053016384202,0.9018277060467004,2.4391130688389824,0.22834549542627744,4.417241456568001,3,31.251714352534677,1
15.690862809817204,23,51.85043714065547,0.039579988008501384,0.04576006158414071,0.05220369477591398,0.0033160577735234535,3.034625122102093,0,10.104932723672453,0
49.484418217838424,36,33.68482349863353,0.04414939182338946,0.11141448971598275,0.03985239251907935,0.014707227407767972,2.158310908684901,3,11.305647100789347,0
102.25949206612403,111,231.6790868569664,0.16213826182763724,0.6782883453397479,0.9172257622018347,0.30286230796498576,5.055515015836877,6,46.55428321897557,1
67.19353911333263,31,13.690386529327647,0.04275330662792751,0.083983191207638,0.02431594836989498,0.021530909918079415,2.5865389160727785,0,7.324526561459043,0
77.24384754440372,32,38.188054681046815,0.020905752298295083,0.06767974622258768,0.02279143252300779,0.02255455945253677,3.498557128350063,1,10.46296801888221,0
58.56964716557961,18,27.519491092317736,0.04382649018501435,0.19039111581664633,0.11601453631103736,0.004431047795115737,2.6656386397838645,0,11.813917951454103,0
67.23123696926872,27,30.196329041650355,0.040193657319542164,0.1544291427180554,0.04074128298339743,0.00341277025245718,2.542152234627614,1,13.161866084644867,0
53.40626477677998,93,170.18241776221436,0.25645243022221015,0.7821292865117637,0.7462371294374538,0.38214930468114877,3.767179611267717,5,37.63958759668025,1
25.600908670348304,35,29.679137357555454,0.012733168774444715,0.166115037067236,0.027998903442538383,0.020544644960309583,3.225155195331478,1,7.517640405803447,0
69.94068576247494,30,49.81420801841853,0.009115330367078595,0.17825383336099715,0.26447221076584204,0.010189780565696045,2.3996228844556495,0,11.885717332697833,0
58.32729133110186,29,44.46082883867468,0.023436191472218083,0.02917842323573312,0.0002819969386794109,0.00490304854378354,1.9624476617210398,1,10.205501736352327,0
37.57254653042137,33,30.903589274155618,0.03653191811040052,0.26637419856677513,0.0802136242936048,0.007260470180250537,2.309712308013668,2,15.186755928099284,0
69.80286780317499,38,25.83808554358408,0.015385388452745095,0.248453447810185,0.07586851264888676,0.013141733533404228,3.0103295788032365,0,5.474088439844591,0
55.38341791692791,29,56.031556410362455,0.04806449099647483,0.1824022756985911,0.12610941177998922,0.009026095056904725,1.7980946311472326,1,8.704567792292835,0
221.66005358930525,99,134.7081675617019,0.21084929546280962,0.7544234057217143,2.666618960508192,0.2934632847104571,4.498924286819632,8,45.01699208779589,1
57.35628885132041,29,40.3588040319634,0.006455678009234168,0.3903798092516291,0.2414231891635039,0.007455074809536307,2.003629312155643,0,17.077956629821138,0
25.279759897442528,28,38.910675407029615,0.029669345182857142,0.17033311165009687,0.054073653986822456,0.04443506573875004,2.2935598507707744,0,13.35124856414737,0
47.1130577119994,34,29.769246319480757,0.022095053733009636,0.14453679265008004,0.17130941053096416,0.035007759460691124,2.2955568224449996,2,18.35710344788408,0
66.89818490352897,25,44.97177297555875,0.06712606476447905,0.11131077244133182,0.16731036707984737,0.002952845376601092,1.360197671855471,0,8.831336356374731,0
33.12339060256694,27,41.11578658007824,0.04464962611811234,0.13306263182522776,0.0035703158724660305,0.0014396018183915468,1.6858958113717875,1,10.246012391197327,0
41.73366625864932,27,30.22713248538195,0.09695512486540205,0.17055808078425963,0.09131135166643846,0.0017802142848322852,3.0285032583979588,0,12.526898918627067,0
43.382665660082225,27,53.35105095301034,0.14782806891552425,0.245445057598587,0.001505519395815418,0.05080502423716798,1.9846187662481596,1,13.089699802602276,0
52.96381461159298,38,38.18621121288642,0.0074867543163515266,0.21606095409461037,0.2807104228423815,0.01407915236183952,3.118552431269381,0,7.9481656307600765,0
28.81999433051452,38,26.682494658050615,0.05667596012917775,0.14860483214877454,0.18559211326267316,0.036989386920336084,2.5784053161702287,1,11.209830031081392,0
73.44014822151519,21,14.752804593820898,0.027569091418335162,0.04186236513314045,0.03714822541234549,0.020385956162223225,1.8152527649811017,0,13.428713704074665,0
67.69558964643406,22,31.718714327155876,0.037748540194705145,0.05080150272923301,0.014641907624517789,0.014348124121546147,2.0389981525326153,0,9.644017670229513,0
49.997942818331104,28,46.9657340891613,0.07683030902312582,0.08608309927386001,0.0018982343204712216,0.02131240125354747,2.5228597725942157,1,9.295665419721008,0
29.06174846502876,34,57.33353216251092,0.02015607227447423,0.093813255837685,0.08159406685560344,0.0017382677675777934,1.9832653847292807,0,10.3879167154397,0
64.87333524663829,22,23.191502418672087,0.0186253071890344,0.05558952452114343,0.0034613585645894593,0.030214564418570972,2.3455905675151323,1,6.189231811252712,0
47.986994498749766,37,38.70652208367531,0.05849213058279804,0.3504166163301968,0.11083444107027945,0.053711118721449715,1.9192481021279495,0,10.571679509308906,0
54.51562012781568,29,47.609309542129054,0.001115010110905466,0.07756408262828822,0.014941307685219313,0.03085341850427891,2.3425577135885343,1,10.074335160559828,0
61.05379443205178,26,46.21932274158543,0.014785356355656238,0.023084012763169914,0.26580416349379327,0.011885483261924864,2.297481826315691,0,15.108052966022235,0
57.262971188384455,25,34.805261503262585,0.064689971126866,0.19035496658478512,0.4448391565577208,0.0928772676003975,2.5173015999369595,0,6.502831620741375,0
49.2826224890118,30,39.72190366336751,0.034723806672648024,0.49999348550530565,0.14916241967701094,0.0027334390458407954,2.9147648657274257,0,11.534508502284528,0
37.06221250821309,40,40.39845243167543,0.04704243429811428,0.15852240678603488,0.06425678991951285,0.004614205514425816,2.431797669994931,1,7.62635437467155,0
44.53573526367923,21,52.4728094634026,0.11798599363374719,0.12623646876729744,0.02575802470792379,0.02676210243403243,3.0025742728188383,0,5.919568152552243,0
41.54708977290504,29,48.43240305758285,0.15253989612157162,0.27784092054202825,0.015182649575432762,0.014258773737566833,2.261629799988106,1,6.289716215612762,0
30.576068197371246,30,39.73575591758592,0.0528808063312078,0.22655452380801452,0.1143062054771683,0.02418828879528894,2.398258939352502,0,12.36251438953293,0
64.3468315197066,28,53.092466291274825,0.014931640776935816,0.1626478586267143,0.13173426759786983,0.0025602844718571297,2.9321718133210015,0,11.347728990949971,0
24.934206313974894,43,59.287573155481255,0.01472103340901138,0.3048310156343108,0.05217490958140463,0.06762785546223637,3.214920457882947,0,11.290587511723597,0
57.937921801924354,29,47.26065915567561,0.019034804648904904,0.13810916321751313,0.006463507687197842,0.008629258372250597,2.1823702362801067,1,7.9315681517554335,0
27.54750946280054,40,38.55816948427803,0.034538694615198484,0.4457853074830245,0.049451455795771974,0.018193131792520103,2.7535772797650724,2,12.872484685977991,0
42.891821586308026,37,32.137241804892945,0.03338988423734974,0.19073312865321676,0.040615661449409625,0.01688766557140666,2.4509052591839433,0,6.95726705844792,0
49.109195927221926,30,46.41051104273324,0.04540891670990396,0.12461832502467976,0.07093887504655007,0.023975383501488826,2.8323666757182044,0,11.931951299201348,0
40.25193465253607,34,52.45792974139591,0.024756847125740927,0.14792955805285607,0.017512571118895103,0.03005503330298614,2.021469314667854,0,12.10847595478766,0
51.006580024765135,27,35.920485647815255,0.06152107831911249,0.20463450533134714,0.12369926442684108,0.05882065701642327,1.4926953925263207,1,11.982107036489698,0
86.9127825827143,119,80.0120086732201,0.16883856492652818,0.8097489204342713,0.6890718821365047,0.40920487020432667,5.196506411280948,2,31.39977302147198,1
62.76421264765004,33,38.242174574689585,0.009185859997741979,0.25844376375067035,0.01479639738304037,0.008570300643848856,2.1476439792549673,0,13.086722021132228,0
141.51955674281652,93,199.95195707246904,0.36101474104940384,0.6437004715265074,0.3732057903363424,0.32229364100860164,5.271897100876997,9,31.133455247082075,1
44.673084665606524,31,55.005394479139284,0.010842317648269317,0.3926004203503296,0.16152617246415038,0.09365813885383777,1.8062225645513466,1,8.65064811353748,0
68.0434966884525,29,34.670915392389766,0.025500955030292483,0.1382764006072519,0.04859118541420731,0.0004834994828638789,3.0706205905437756,0,8.753220673263701,0
47.81616869663133,43,39.823082007290964,0.02799035783577891,0.15793714039964862,0.2175006981481643,0.010532718187445271,2.314294312895118,0,10.004120701738815,0
50.54425741490285,18,34.75691224695436,0.012993690612684683,0.24689694720645342,0.005514633917196337,0.008284594396312716,2.174265520944369,1,4.992103416914876,0
55.03129494892979,39,54.31756336602952,0.032627920638202974,0.06796879842758483,0.19910390784721277,0.00035860272980065233,2.235043451402597,0,5.946981514931928,0
47.92420375437141,32,32.48695418810986,0.008073225741393969,0.2542710709757161,0.038515020462180055,0.004871746574802279,1.9014291300030495,0,8.724565473609545,0
68.02335630245202,29,40.83007885032313,0.07617186171643345,0.1470118086593926,0.020711780059680027,0.03348351453979663,1.7098774446928429,0,8.795757862748369,0
28.940305322763084,41,49.03536619894527,0.016273845593723236,0.1382052930098292,0.002021551286844949,0.002109720510299871,1.9767045100623295,0,9.495530706828747,0
70.94013628412344,29,50.72958934252222,0.05439180543041472,0.17058516925568504,0.03957433958674357,0.00873139857993009,2.5395817318548404,2,13.719520863552948,0
51.6651338359259,18,32.826642235549286,0.015363362873444093,0.2517319617223156,0.30815871257983274,0.0007954777023098119,2.611871801097841,0,6.668543468775658,0
59.20059434444756,24,18.26748035292061,0.02607498608650157,0.18847488460343503,0.006659066291331868,0.05072704256770158,2.888824899555848,1,3.6077823283548733,0
62.910498335620844,38,33.16325677193989,0.04300802975420878,0.04278278412860941,0.1478403380769989,0.002983027912898603,2.6072470997065538,2,10.948687893244248,0
99.33225750797281,109,228.50161199748933,0.11768436816507744,0.6582769309753946,0.13037473028544794,0.47660754090505575,4.828504136073743,4,50.217884217743006,1
41.33349145271828,30,29.65928249055529,0.021530208485500506,0.02957996942462251,0.11495688192126344,0.04655915705641452,2.550976257077692,0,16.585279221272017,0
61.88330361785865,26,36.89265995726273,0.05061469297762051,0.05065463788276468,0.09618153610223251,0.003996909139551944,1.4663466361938078,0,7.129663455600631,0
73.0090042376756,91,224.61633690597273,0.4910439336720711,0.8860252069988295,5.040513464995654,0.2622894450623876,4.507123287214958,4,49.963638127739344,1
57.65676483700605,25,40.270649477214654,0.031331571126193475,0.21820981684643004,0.03144920309566592,0.024281310471243545,2.520554184085858,1,8.457247545633031,0
42.496879012754135,33,55.25900024310913,0.043766068914004634,0.23078505740947838,0.09158914486557465,0.0011185650728561247,2.0563912231611594,0,6.586925467137209,0
52.075294862326054,41,35.49803892064426,0.09279102667176606,0.10117242281877477,0.21947185258575003,0.014740757975751242,2.08946790672228,1,10.775703415876594,0
39.15085997676933,30,42.22401078161861,0.016930839082912968,0.2025940614585445,0.1718170081413538,0.037199579161876016,2.8926950453941265,1,10.093144817139963,0
65.96726005239402,41,39.58770458356236,0.06322991920271005,0.12923071623475627,0.19051791498039305,0.004653740524888166,2.026076794411719,0,9.430088301809743,0
40.657175399746805,33,36.27551859158742,0.10295161761912372,0.039489275372118354,0.009440166300095157,0.018662016002005576,2.3784635657029085,0,10.722226234809314,0
50.352967074646855,29,48.47100657456366,0.045538506589382355,0.2405016189976351,0.007966768088085718,0.024936917436974643,3.685443500864766,2,12.562172300653234,0
41.5107740764041,29,47.07037004000013,0.014104058248646294,0.2514829644556905,0.13920846592623823,0.013912647507090627,1.9991673390400488,1,6.708427027900152,0
39.57495376698537,33,26.831356658194423,0.03250469796934976,0.0886602525182044,0.3101850007311322,0.0351347372639948,2.159122268594495,0,12.224133593420174,0
25.34652502875625,34,48.29676059116821,0.05310188544092468,0.04759763145006467,0.27964818599590985,0.033953868856020857,1.991890315325906,0,4.247057940160471,0
57.03015742072901,35,36.52619125171992,0.033796278529098986,0.09608341225626532,0.007282830695823046,0.006115981139475096,1.9500968412278104,0,13.357856965100863,0
70.69148552168856,35,31.22264735155738,0.061472209831464966,0.04105383194480515,0.23907854555281538,0.010010444654627436,2.168401432410686,0,11.861394124015465,0
58.69012020695546,25,24.25747641418846,0.01799143713223825,0.16896602708733083,0.05147909639589822,0.0033724859987844936,3.1495860395616,0,7.1795809080549216,0
19.982145089268975,27,23.276539941615052,0.08582516115362968,0.18975725211656722,0.00583564417903723,0.009485039586000037,2.139830051245383,0,11.574219442305392,0
166.42450026763896,99,210.10856027415548,0.5855741614803427,0.7153852957028677,2.01958517621581,0.36475425672665246,4.364598057150656,7,17.76785810382529,1
72.37527969668959,34,23.473732860291065,0.022993215606163592,0.15775261548786507,0.07359344734020382,0.004028983280044533,3.5923014243786486,1,7.844097280397737,0
55.14107039469508,35,22.908491856246556,0.041469104406347414,0.09717961736292473,0.1980083381836678,0.01975715825331927,2.669230887730917,1,10.823007782406563,0
58.94742509009762,31,32.89529576243182,0.08994853370834416,0.08644268463484496,0.2028341229410489,0.017914774845210254,1.9212672539152629,1,11.035811701778107,0
69.76518169916966,28,31.957638476439346,0.01001210618510389,0.21582611196151402,0.17547180047201794,0.007020505794917884,2.5606973103855566,2,12.929549046390814,0
34.57492956240401,30,61.25882938213198,0.0434325719004691,0.16822761696983013,0.07124691793160019,0.01774254490801105,2.9267953426734055,0,7.8293245698283,0
133.09742239007377,88,247.0083293398966,0.4062200075114018,0.8220903848042109,1.7481089248530952,0.17243660811113126,3.8611005280270794,3,53.81064366211149,1
25.68744796835353,31,40.52486381347563,0.05828038475919467,0.30884361618348083,0.06470414272582654,0.04681936646004791,2.7592926367769386,4,13.403570358427201,0
56.14708936610224,21,43.438231987445334,0.03265618217187225,0.3147271013741743,0.07169458605717043,0.018845699115074516,2.127086503409397,0,11.663534358829144,0
58.25559781893797,29,55.70472495627411,0.043376634205283676,0.17688759134336288,0.01587063529297955,0.03296380220964313,2.448605562576581,0,11.908692876361897,0
50.141177715005576,22,23.18271531846317,0.015906954106828096,0.0730378120906635,0.18787311413625932,0.010641648028734097,2.602173606077869,0,11.826919202156727,0
62.100537587251004,27,28.271554122079863,0.016174467298920386,0.2850667311609932,0.38065427539717184,0.010894317052838354,2.4939164195219363,0,11.57334258080796,0
172.99141271045653,91,197.31386246516414,0.3785581068460026,0.5794700971329303,3.1707079676752326,0.15292440987705103,4.312498430421183,5,40.08016441715109,1
65.45089195113174,29,21.08290096252509,0.022283142307532474,0.14765655421044763,0.22861671770027445,0.009233179244458486,2.6212025633279272,1,13.7170542064815,0
42.169432730142425,25,39.71108426766305,0.008147020726621415,0.16899437993277722,0.09642823577376851,0.00034044576072605337,1.9737791969242506,0,10.730035901970863,0
62.551639455285326,36,27.290931136916008,0.004975438367895012,0.24567155676411298,0.37335184341336913,0.06205217658370781,2.2714542969830913,0,9.26155324581244,0
62.93925275843547,25,37.43369224813384,0.10787231985114945,0.035100179207381704,0.05235909790314287,0.15647538898424795,2.647543775685481,0,11.834487856965094,0
44.733106115477426,30,43.53015120763619,0.054071558748864844,0.17269204624832019,0.09658811218195297,0.020594378821121622,2.426218224963215,0,9.531382258482509,0
55.625947794334536,39,52.353831564348965,0.04262135852359034,0.177727746436615,0.09875076818472994,0.01199358300649766,2.853465062357774,1,2.5436037168754524,0
39.31957123631267,31,42.19297234030979,0.014480466875530172,0.305833385814832,0.17037722868451355,0.012442780376949339,2.435200259442547,1,12.388324758087547,0
45.845091601417025,26,29.375963560906463,0.04412235137389207,0.2194587696510246,0.1469116738979487,0.0015713302898848669,2.1588176479558467,0,13.439339803942241,0
74.7188790195859,33,31.132323632831984,0.011265439536120848,0.38876501092487586,0.0218591506092269,0.05656162893012417,3.5122210607232267,0,7.001297778332096,0
22.546792913769735,28,47.98242490453279,0.041338952009860604,0.3298627326058432,0.03734247213613414,0.0106307573837338,2.321086929025391,0,5.1176574718194665,0
153.0377569748916,109,212.08986921426018,0.4781143683381922,0.4918410857155809,3.2255371618983153,0.4892859697689356,4.422491927886444,4,38.19368984948721,1
56.723910609114974,33,33.96596326202312,0.04018099018714524,0.05475584484728717,0.03601189874873845,0.018391491326505763,3.100684679770075,0,10.029360818000827,0
56.04231704801929,29,42.75181490228291,0.0539949141039915,0.11816237695126092,0.014613475461612147,0.0029992050174250866,2.5757243874604137,0,8.149498574091114,0
48.778076340784736,36,28.253805764144218,0.07156091173857443,0.22027027437124677,0.003824400616293517,0.009287921176007505,2.493545827491096,0,7.882983131333845,0
53.47437218104465,36,38.265435925630165,0.049459695572565895,0.26717124286098753,0.04197932590062765,0.06155801541771946,2.2413416094737997,1,12.397263044478011,0
179.9659566126639,82,180.1006885817395,0.31915905699100616,0.8463283606389937,0.1363266266005015,0.21658001616240294,6.2769749140763516,3,40.673587291308486,1
34.352434785252896,27,48.86309823894319,0.06509749540115073,0.20403712180454525,0.02668394093501236,0.030712781254359278,2.3572790083912696,1,11.546272669242652,0
60.63773100487479,26,34.50886823238591,0.049811139227506365,0.09637660765496255,0.051079753786399944,0.027385915007589502,3.0258866320963316,0,7.1806089469839165,0
82.77149011789513,30,39.344098859106204,0.04774396915491306,0.04883039597618958,0.01863766404719353,0.0127362991868028,2.2733013806047,1,11.595545625615115,0
26.476791281228223,28,55.57016214193334,0.05238240884653473,0.07500674063894285,0.08910736192479976,0.024298226001008512,3.6027951092109003,0,9.738491543435533,0
150.96256334662706,120,174.70749024078873,0.3939548991369003,0.7606298200691435,3.7149996185655363,0.29977155453187754,5.179807569826195,4,35.07392695153503,1
52.39698907568193,26,32.92204134540574,0.05769122469093023,0.17727462414685902,0.03608809026129738,0.0247308361360891,1.739180472411845,0,8.943924895288708,0
29.077624494775637,24,31.85098040820589,0.01639355943885001,0.09411689876583648,0.0792234666721347,0.012182866280104522,3.2136957478281247,0,9.162101432389132,0
134.48563901615879,93,346.3120045717627,0.330861002142634,0.6459178519280742,2.849202855738575,0.2788109702264611,2.4141097920957173,4,54.13610848382085,1
35.122456614891,36,51.692765065513626,0.02367641347547674,0.3740981844438864,0.05591253040066724,0.010128651916671666,3.0099743957481273,0,9.50282611494995,0
45.34033345594477,36,46.8820783424152,0.050907901826532126,0.1779868166077686,0.04558026059211002,0.03236744083746078,2.844571981055329,0,11.740299767840945,0
69.78263568594699,33,36.11602104211884,0.03163088262824147,0.17165057465085415,0.00033189967167705943,0.008209800529682846,2.186674435554118,0,8.90524767419558,0
62.31150746043001,28,29.849565944706747,0.022007002685200065,0.11712921554718507,0.08901544051165335,0.030173962041891794,2.847284173369917,0,8.96375385166557,0
48.752073274981434,26,33.3091973813611,0.015947284345490646,0.08138908705539652,0.4053359332277938,0.029427575440500463,2.6426326224321803,1,11.116998290601542,0
36.610666940290166,25,17.765111820603057,0.014304530035821017,0.05360525409066723,0.09814856168044583,0.010954547051054508,2.5837239700003756,0,9.10063553013421,0
39.39068243766587,33,28.301581510595568,0.01021816450715766,0.2837844162505826,0.20858729477805574,0.01469503324283992,2.2667816066280944,2,7.199500585527943,0
43.94450197391133,27,46.06371286607184,0.020046964813864553,0.03336686023203076,0.025368925978252424,0.01161012135628353,2.165589984603731,1,15.064957960365806,0
26.763282447493715,36,46.861927627870415,0.06216238040332337,0.1531080959441757,0.1678872548136685,0.00028635853446520605,3.463399289979412,0,8.181247246154653,0
37.76194000106408,23,30.20393788650687,0.025224766549354367,0.2047102959280636,0.01571273066133487,0.0038481434568550734,1.3272115077096638,0,10.145393844178972,0
50.20528465227219,33,34.1380619354387,0.05059352011289275,0.2547556369054845,0.16745500858518325,0.024104463195009578,3.0439649719303725,0,9.739841063045805,0
55.230668931509705,25,29.870673590548197,0.03936479413228236,0.051939873002749035,0.09885832552935346,0.006644221116831165,3.117761248714799,0,9.485019810713037,0
37.53069602471277,23,40.34027483783497,0.05814124481849047,0.07726386228573877,0.022045663274271123,0.007977472796321966,2.8535057908054626,1,12.654095673378478,0
149.3441759720095,102,232.9183381956091,0.2544883321756015,0.6318990138652187,6.593930541820889,0.20147984760190796,4.212946556006962,9,51.6890711210985,1
27.928957146746914,33,19.384268166331196,0.09111795110078752,0.18120933744816412,0.03780158290798344,0.015460086897514259,3.2130460030343944,2,15.475883122722099,0
58.500693319548205,31,35.350779027653715,0.004215218012148818,0.3971937511996534,0.05821414494357502,0.0033098239541625493,2.5627562436896567,0,12.54908279765809,0
36.524892314604394,23,48.53855803376117,0.0465506199166678,0.49239229194972545,0.20993967341664926,0.016019447898495395,2.840755248199123,0,10.711940098791828,0
82.42573383300987,108,203.1832101027879,0.3362764701446289,0.7959954074541862,2.6555384485609563,0.25635014632893816,3.835132075603222,6,28.36081741484155,1
110.39647673993217,101,250.584554276193,0.39977619209349086,0.7914619786771921,1.5574220175198692,0.36434425854156827,5.436415537397437,8,32.02640564379541,1
121.09185267886339,94,137.48107944582483,0.35983089707706845,0.6769332407424096,0.2976609103894818,0.3713065144096536,4.180867286301445,1,31.728748967419172,1
82.36505200780437,29,25.92313117249597,0.03709629923906645,0.062397788927204594,0.027006427710993475,0.004187154521361508,3.212616943352665,1,7.125672410371324,0
67.23389055164715,24,33.594449124305676,0.039894838667060374,0.10805010431319219,0.13330814019132853,0.02915698421604393,2.6494003569091276,0,10.75320529902951,0
23.19619081454008,38,41.087615543965676,0.02609415218789233,0.19802479615173396,0.2463221914543616,0.0029369350220032706,2.775997720108224,1,12.088894082783693,0
44.4745048712896,27,50.48462238057274,0.015897236753439622,0.30759499314830974,0.021966506036189336,0.0007207623352012601,3.290058245042225,0,10.607660340152169,0
35.77311716473623,30,28.116782960191987,0.07324675864119451,0.07027710688935696,0.04698881792204188,0.03021694727359897,3.1016351499074215,0,12.97974957902284,0
45.030928444198416,31,43.045694612743546,0.025077411887739917,0.10584641578795385,0.06938086660270099,0.001994800207931339,2.490701420345454,0,8.20534576881316,0
32.09744030381364,29,45.705174275919816,0.03911697296285802,0.08447460647923329,0.06791051681831031,0.03751198405148896,2.098342105279683,0,9.729180815841927,0
153.05350377520324,88,217.57586129495684,0.2184298932737591,0.5613886883071276,2.0238406088696537,0.2554059935033556,3.145679887495774,7,37.09380347977735,1
51.44848091469658,40,40.032075983589735,0.017258803582873277,0.10277659192664912,0.29912250454010125,0.0568073349810712,3.3316149682172007,1,12.337850521448189,0
53.65747162461128,37,37.53963554406833,0.030534969503233058,0.46721031528321083,0.034447530701851706,0.0005822898279574769,2.267938012451088,0,11.216201121351055,0
36.76475821144249,34,39.38820608682824,0.044881225783147884,0.15803752212937425,0.02037992766223966,0.03418518921837585,2.680457158261429,0,13.003500249403379,0
52.353826218234644,39,49.837915427571744,0.05026809356213771,0.0595118064139299,0.01898073959129838,0.01625682738632779,2.680536542192662,1,10.420465772243626,0
57.03078283529355,27,29.495965855923266,0.035745948579542365,0.12029440533222681,0.2847992809984108,0.008171033274851481,2.4229117095232744,0,15.398530209399173,0
55.95588757516297,25,33.88639354740976,0.05182345698056912,0.06570304415116479,0.0021687295812170258,0.028018916844466085,2.167306392001976,1,8.341265215994435,0
74.34603541505442,33,30.07813772918412,0.013538996402616913,0.07190422911350612,0.14673759594643332,0.0023932233817918944,2.366198126653145,0,14.051407553132153,0
61.49544276024812,25,49.518338815426304,0.047632968695874064,0.020391907839003905,0.043652341417747056,0.02145623445945644,3.5612318803549483,0,10.530513900414972,0
48.57478653533053,31,48.51726611555229,0.017144764506276677,0.09891505653555899,0.010066102798310106,0.05248922673898036,1.924005662989909,0,9.0555459583846,0
36.34384105704854,28,18.86583421298443,0.0629288067930282,0.2780106188111389,0.02688910463503523,0.012283157874941575,3.476454334720971,0,0.20773529213906272,0
55.816508940008816,28,33.64617111275607,0.04091276996322256,0.1179517943227369,0.09455865100894635,0.02789148070806546,1.6706280578616304,0,12.54588076038052,0
59.81353902650518,28,51.04251523241368,0.1423298273516212,0.03655339506295096,0.1481162962787697,0.022468675070600033,2.6230010845832896,0,7.039629762583898,0
33.92284251111144,24,46.512418924361796,0.011223607935686707,0.011430063391671878,0.07443810373426545,0.01807438781285194,2.4226146527358012,0,9.04781050533238,0
53.33023564770919,32,36.83756839010251,0.035459747462950775,0.38469507750391657,0.07130106463309675,8.046854012045249e-05,2.4691460903970914,0,13.259588262682234,0
60.746469129796395,27,44.4425694934148,0.03745550462769385,0.19841238703100128,0.5117327495226592,0.01036248109085101,2.497980709024504,0,8.030213477199155,0
44.75810608645655,30,28.075672261029105,0.01846497837488338,0.221355334237622,0.19476781907642954,0.07982708502290757,2.4339652879334714,0,7.779528499931816,0
34.44224135936712,28,41.29823995589575,0.09958139252280368,0.2509742938755156,0.006680601261903764,0.00285663104984366,2.2798781625932256,0,10.202365234902214,0
46.64252599619119,32,36.65153645088109,0.05030420949139957,0.043674759376051434,0.036007571164541084,0.06827689315226207,3.295360392783163,0,15.540103951759312,0
190.3381215838006,101,253.5634504382589,0.3054285647601649,0.7693950483374606,6.88919873777483,0.4435848449676776,3.82720247733951,3,38.28265445712551,1
69.36444819719284,34,36.613100671061154,0.040609417428366705,0.045360674766892276,0.06869501659835385,0.01912895002577693,2.188757647538544,0,10.262553567836846,0
144.51049890619538,85,219.28858968675644,0.5007796472601219,0.8172761098116289,4.105502445755786,0.3203513326112329,2.6115811793544537,3,51.19611288358165,1
45.536374996092945,24,48.80590207250083,0.020418401189120052,0.3179877541828957,0.03852124985349351,0.021497312563660175,2.5308434195435225,1,13.58277936095127,0
190.3618037661428,106,265.7383283860081,0.38546038986839787,0.5979784282383079,5.724152269847952,0.280620144908787,4.111456906344074,5,45.31471266512446,1
44.54853434831831,31,55.66425831535216,0.03121061276666345,0.06021170012762512,0.1570299159836604,0.029754095866414785,2.5683689810702948,1,10.92389315951543,0
26.097850386290943,41,37.084714305755455,0.029630597954052228,0.3261553486749853,0.07098140174221337,0.001971519734346587,2.795818426454036,0,10.01803290644191,0
72.88952386431087,27,35.903042383119235,0.03549564009490613,0.14154638519774926,0.17432604779767485,0.018570469541108463,3.284492129657252,0,2.2522259914461955,0
47.92492290823512,34,40.10872965190744,0.08221598728067923,0.20977546946297884,0.529515616169275,0.0009539318344630521,2.9116321841635684,0,11.644395054064718,0
77.10620672551053,36,38.618409616642715,0.04430245443265024,0.13870884592006952,0.07177523937771083,0.027818792388832458,2.19272059590063,1,7.116093399157199,0
194.37490077536052,106,230.36734631020153,0.4005307526348832,0.7170446017017196,6.360053233895271,0.26806317955215075,5.696443339825589,5,46.00308948290753,1
20.292020424763123,31,38.02900395888612,0.0184679095175851,0.3544413335674813,0.3021230420797931,0.007091940873330725,2.8443310043708654,2,12.229982324236362,0
190.12614990133562,96,224.42909539701992,0.28353814867940447,0.7744936448271746,0.2741114623139242,0.3750327007503579,4.6008683998685465,7,32.5297092614631,1
62.85264461879589,32,48.39674262943518,0.11429833908700224,0.09015931109398256,0.4541613115549281,0.018045096007615766,2.989970007361158,2,11.863853645824078,0
47.62603638946105,32,31.275312558576093,0.008953580831981231,0.23791326466272264,0.021894961681363165,0.023012716385418578,2.564698515732852,0,11.051199587630133,0
37.66341193514522,39,41.735399439318286,0.022689869548639902,0.17106898436514656,0.01801502796458423,0.0029058403463284926,3.055516968631859,0,11.509734860558108,0
56.302066969211005,26,53.377426296893326,0.03686184274780994,0.2511459910429971,0.02035370342202184,0.002960287738472629,2.7318592260268884,0,8.292578152726739,0
80.23727129346553,109,132.6235552469687,0.45821273971252646,0.6343012933250931,5.671390866821846,0.29379598448160965,4.356958464457624,5,23.41397864222168,1
58.19343542375336,42,53.63612629112162,0.014924384053194744,0.04166753040466073,0.11379786935283057,0.0101592747980488,2.272369152216046,0,11.484961004278981,0
51.931529894292176,32,25.34593071225823,0.020480019967478974,0.15618351304156258,0.04943320859595071,0.007221225377018477,3.0085559570357256,2,13.639220826317338,0
66.36327769722593,31,51.18835298711254,0.02197238294302937,0.138016022077984,0.0646651980536239,0.013589130136779497,2.31290909281454,2,8.682345807085266,0
36.62438142180653,31,53.3690038045534,0.09333745006676133,0.1983365478003121,0.1717273075633474,0.040080514759160815,2.056195088565438,0,9.419650024427732,0
111.63186559419466,86,234.94221314027538,0.43561196884895703,0.7833698122540153,0.7646677691896108,0.43834511814974597,4.972629732233025,5,37.11554758038284,1
59.58184261537542,29,44.87044467144598,0.050068299409402585,0.24941458453218945,0.01919782176315748,0.0245991952583056,2.356542413876106,1,13.104211849350161,0
59.75923877235121,37,30.906426374405925,0.019821761947428334,0.2139971459715184,0.016019283857585775,0.012242009345681471,2.276160537953088,0,8.878881616716544,0
40.278321010398486,23,38.0154457837287,0.013754000913508023,0.37797378235322737,0.04258781735970321,0.044059913044019114,2.179389523576116,0,9.436299271875118,0
46.826313849288404,25,46.65480020980573,0.04550125106601655,0.23208534753733853,0.06256614775601245,0.007700196710808845,2.291164457025194,1,14.984499748093945,0
48.46999811783044,26,44.15099794498119,0.013427005650581126,0.20730953554865253,0.02014854615147955,0.03214751342605826,2.372088734110033,0,11.450415076082678,0
35.442393953772864,28,40.847256462641624,0.12741579735536704,0.2410967448652644,0.006091164543930164,0.005154670055509677,2.844464917519487,0,10.143465874542485,0
70.03362305797185,20,24.213470761425086,0.049895605066092696,0.06267922281949279,0.013983449107719786,0.0005534292229057118,1.8495370098844586,1,9.026822889377138,0
52.002412155303595,22,43.63996787532037,0.03743556851054606,0.18377986434357818,0.13265891340082966,0.03761681736526753,1.5108235289539347,1,9.64667341556872,0
253.68422488414265,78,191.09163359089467,0.3300604944693415,0.8047466081035787,1.854288393367312,0.3679254652406608,4.487188337514236,4,47.04245093435163,1
54.65354039082108,24,38.685603203823874,0.04256168715905418,0.037075140363056876,0.052039907662693445,0.014779837661505084,3.071195889756877,1,13.687334407881206,0
153.26833879916592,97,301.60779261363194,0.5174023293722243,0.7676792234021482,1.0680964844436838,0.4027571636560406,3.8063610436952686,5,34.38993461791124,1
89.81464013207064,29,32.47695985845879,0.020197722140186662,0.18153059563156865,0.11331863728236745,0.02727445319647932,3.0824776772608424,0,6.7702770420148415,0
49.833567623775885,33,32.02153815491217,0.07517865092252356,0.04919542725719493,0.001988627255521697,0.0022284092057417173,3.4395176211147818,0,10.624196621238255,0
28.08505585441246,29,40.41366117482368,0.08902959071135962,0.25390965903102913,0.14424556370146877,0.003836862839246772,2.5513628580326957,2,8.104476396156015,0
64.79575627001599,46,50.26614969068428,0.01737719191741712,0.35672814199964703,0.15842355136241426,0.030943771453070153,2.3823906932394445,0,10.544169858342267,0
30.411500368891517,39,48.09740663623231,0.03097812531187775,0.4051422300853693,0.005553171632432043,0.00797184768881875,2.8402845590478982,0,11.90854021755315,0
39.56405112315176,31,39.5167967617645,0.029970930938150477,0.1857426957132498,0.01982484282965886,0.01279250757924066,2.724954192427311,1,13.255729105059427,0
41.591622945623406,23,43.9498707104903,0.020488489181373006,0.08338503723735739,0.10047930934346261,0.005046733026001075,2.4778224243955185,1,14.243714700858954,0
44.8440579951198,37,45.261327046621844,0.05682886782689688,0.10107571802177824,0.05444413654587154,0.0761713919609394,2.4747014768260445,1,11.995511897256412,0
102.46052601030001,110,168.46282463509795,0.26588753434968543,0.7557684511705949,0.7466483929039096,0.3518387647003651,3.3602108813910974,5,44.62789594604712,1
53.41524480240231,24,40.60963077187907,0.0793417932517811,0.07201988801470652,0.06045298989397657,0.013930298575539441,2.468790241612812,1,8.83121788361152,0
51.62453963025296,36,43.601393919649006,0.06057439552287676,0.06960714457281564,0.12657572783766508,0.016096707324186225,1.3736676030696207,1,12.221806789117016,0
64.03668430183711,25,52.61233614409726,0.04479085794132545,0.13816331455616113,0.1259866433331902,0.018593842814652303,2.1217981234003975,0,10.662226047997072,0
30.137282288643668,41,44.78897801718138,0.06105759847494533,0.12584147549407373,0.038239450655835575,0.031125164855369435,1.8988035216234498,1,15.831680299179041,0
33.33415610651291,26,20.503082089959253,0.059550938922288986,0.09777021105940537,0.12836933084675525,0.039463685486427195,2.7551708257284573,0,10.617060132943685,0
25.038786146322515,31,37.630968602796614,0.04928028151137149,0.18818735130172362,0.07210223611053117,0.020207690049408474,2.9578389469822817,0,12.19689492451639,0
55.09289158123055,31,48.577805273341376,0.015392592211011387,0.11022548687996725,0.05555635452770341,0.005645514438416802,1.8157313688912455,1,11.815254525758364,0
51.05333785908512,38,30.416670707739343,0.038781283944728934,0.04481852183202103,0.45996622093739536,0.014901415568706724,3.0835686015006396,0,11.873212730201173,0
41.026052279752506,37,53.50430424557334,0.016004395993600266,0.10297946233975698,0.19556273641016209,0.02402756591873679,2.7798504036903555,0,6.83969057069259,0
64.24646079184168,29,30.679075057954513,0.036626863667246455,0.08954768648411054,0.06325879590001714,0.0071772596448969935,3.167085609521778,0,8.901492493201268,0
208.32352739560838,114,220.42183605203607,0.441572538363598,0.7625638481276082,1.3946722625926298,0.3877541289289474,4.013955544540461,7,47.140210182919276,1
43.02589145647153,37,44.968155742766854,0.02926185799452595,0.24535369324678766,0.013087209315341509,0.00499637962572233,3.389385410824883,0,7.756887748507453,0
45.35286571184945,20,53.129741024638435,0.045603988990069025,0.3062540014863763,0.03764772890932193,0.010878880506238057,2.864011492840263,1,12.187753618219995,0
44.74959051385066,38,47.22551802737773,0.02268909354359713,0.4780539698403131,0.09698085996481312,0.029046950667478984,2.6095629420835356,1,12.032822158864182,0
45.855389591486826,40,55.02958252420713,0.02598490869462486,0.4111382368302434,0.08020440072510894,0.005887555586234526,2.1733683763789373,1,13.309638405677045,0
57.7816230629555,32,29.820084754555623,0.05089754569909874,0.1371356740660805,0.024110235015918764,0.0019288062689408578,2.2408453944649196,2,7.501647259053177,0
158.0297991498337,99,237.3916338573366,0.4433383294687472,0.8262872422138563,0.22862523656942668,0.40309345521393686,4.20310836751139,10,66.68612383115664,1
47.17108089856191,28,55.703319226766084,0.012709084261139406,0.35024056046293367,0.10987633221575484,0.029832135062482633,2.5271554674292767,0,12.42570772055812,0
47.08514963521491,36,51.393054516550514,0.022657411881843982,0.0696859727277534,0.02082799770647772,0.023339436165369445,2.4005534752513564,0,10.636776091874308,0
45.369870248071635,29,32.65852529925481,0.08620850300753356,0.33647134258379297,0.18161064943106853,0.049659932720055505,3.3757314568308803,0,2.1388678589593226,0
72.93721384504278,28,37.32718325336037,0.015479946934346645,0.03302294067621446,0.07689788830453824,0.05097533487072098,1.8940102846133509,0,10.783212755354157,0
82.03421336218503,37,42.0746774478762,0.007219166483326206,0.1510759556153414,0.1748503839941106,0.07096287980231712,2.2815763145473484,1,11.34212151585105,0
37.69457117538783,26,34.22100099690083,0.02035309680220693,0.21256915146048655,0.09576024748578094,0.08428451656683603,1.9578046953450254,0,10.438684261046808,0
48.937046295528994,31,29.234183648578632,0.020599404425952355,0.12220768825995514,0.0174671813110776,0.024286781644256364,2.51761613061928,0,14.302513424160669,0
67.05710697361624,24,31.650282770922928,0.06110625561191546,0.04656458615440519,0.22761725727954052,0.0026727069497652083,2.497413977794954,4,8.8418324284747,0
49.869966330004615,26,32.684520868383736,0.06936798669180662,0.08415628996132786,0.036265554121401665,0.017174548346198297,1.4578453952843333,0,6.2001940440997485,0
65.24009434875653,24,56.80749869267954,0.008642032976103541,0.03450818479115941,0.0016390878161357055,0.02461530527390271,2.2649057469931897,1,11.117661702542406,0
138.65253501315112,102,156.10497927045694,0.6399893049138318,0.725157835178844,9.29005685095036,0.3700543915664695,6.125167297690923,5,38.985168226793775,1
56.42853631420862,25,53.24927494814991,0.022872901516255994,0.32159656532431113,0.01927536912528173,0.024697437453828634,3.543598205965673,0,8.110520468141184,0
37.54735419976432,32,49.007570565416074,0.008469208489199095,0.179112591091684,0.036539428480433615,0.0123256000950589,3.2796608997869936,1,7.820756496583602,0
42.056965928958064,25,66.38147053136527,0.008813497818038512,0.06453136641601655,0.0010823527659766343,0.0024582525828338022,2.4863680150227996,1,10.48626135235285,0
50.76217296205031,26,28.67850655947433,0.0161911820798953,0.1296365453101948,0.014229460159869787,0.08143399211024983,2.5779227237253446,0,7.166912543165051,0
25.14892313582035,25,52.81678329174592,0.12965387833810557,0.0928501108162646,0.0414188059852415,0.002953334274754114,2.375852681163215,0,10.86007047814534,0
28.167337132481986,23,36.88329475073824,0.04258301884660462,0.20537492900171533,0.03758980634034615,0.0172264216659045,2.19762539149627,0,11.034574075023116,0
43.730879707586126,36,51.30477047958797,0.03631155186264146,0.1738913948075512,0.01161152964787087,0.046979998805965095,2.6698974886099083,0,3.392320950197524,0
167.86573585829103,103,133.11018167109142,0.292931099340987,0.7684927522058925,4.851580629638945,0.5623692565196727,4.319014065267342,6,35.6413152197721,1
144.87465217236783,104,175.84368409767725,0.5479727216691567,0.8165212357910642,0.0764307860080287,0.2953300926130737,4.870493504217597,4,36.45451375967003,1
149.22195314013413,100,174.99971816577477,0.23882238429072067,0.782834024047414,0.8110738546419881,0.212828573912083,4.329479676888595,8,39.27155508821136,1
24.749987355103464,39,37.94478234303337,0.03759826902667862,0.4576718053305376,0.10522166843015282,0.03523998949579518,2.6172021756101884,0,10.387558443566567,0
36.29835925149807,38,34.654768390946536,0.04464357429972594,0.29231842276305814,0.08614473402469318,0.03172783955066851,2.2926346715362795,0,7.753659845297957,0
54.43864371756429,26,51.23427702684324,0.06773825593362653,0.18241923886524353,0.0335631987430264,0.018789545156363885,2.027303175485026,1,8.798765239591235,0
28.087053139915685,31,45.442568763288804,0.036984505160047566,0.4343973877470515,0.15520141456848024,0.04938240049004439,1.9562481141611956,0,8.505589847848459,0
54.34964197056356,33,26.01293043866729,0.01645591504268295,0.13412774285757498,0.01965331501371204,0.008581278108090815,1.6911946391889212,0,11.103546707144446,0
52.319496606995536,39,30.362143969029958,0.025686433449771444,0.25348869847061895,0.13873773859723582,0.01529668782843593,2.583510543338023,0,12.435877731071804,0
40.17852747099812,22,44.55842382000223,0.02290590636904118,0.14087633016576717,0.05311087606094981,0.02029431140722288,2.002511172278084,1,6.82945733998976,0
77.03316004731013,37,28.418611255924024,0.024292809069762156,0.18408623178411235,0.09724378551608018,0.03058637066862474,2.647299003912022,0,11.076224304376826,0
39.28620430263037,30,46.79003513121696,0.0405134082853797,0.04853684297311934,0.30286111669808163,0.07813079915452291,2.610648071135319,0,5.6827792705076545,0
40.02143974424706,38,35.17894425951448,0.03757830786071329,0.038335157121405145,0.23259643311897002,0.0805814864620346,1.9570370352086686,1,3.6435020038684787,0
23.586076784890224,31,38.73713387897546,0.019736162973767322,0.07176893345793349,0.03461650375028445,0.007113389075662524,2.1722091910615733,1,5.0773998574097385,0
62.15434853640153,29,67.32802204296775,0.04099001722171099,0.351894852719513,0.07161128392155028,0.026526907392400156,2.197996794875719,1,4.768256640412739,0
32.08436284750678,33,21.69380099400791,0.0035816607930399987,0.22976435191008612,0.10970870175214859,0.0003454205813122451,2.327291978215585,0,9.629898407990387,0
38.91107939141507,30,42.01735735391021,0.026288341823380343,0.2656198102403956,0.06727543853277276,0.01703108466006632,2.146727698000054,0,11.237641043923448,0
24.40464026031205,32,42.66143860735203,0.04459615850785746,0.1090101156761138,0.25345955522502017,0.0239952042932003,1.6311102215333335,0,10.235859064567757,0
64.19768242302281,33,52.10732737322738,0.026040435538737677,0.17949800774190788,0.009923958114707048,0.010902072730040678,1.7201807177884716,0,10.755672024002031,0
64.34043808776845,25,27.401185073892208,0.03647633243307684,0.21976165821309687,0.09888576818309808,0.03371046286950392,2.22487209283256,0,11.349137757441612,0
68.69851582299995,30,49.92185346937956,0.010658182510884608,0.15317235822251307,0.0160885976829509,0.0011816701818334295,2.9278742016331227,1,7.017887698959462,0
51.32337097729362,28,59.41222271555132,0.13704685748198178,0.18164004712020262,0.0658958026238005,0.00811555397566694,1.8445893313922648,1,7.615849371595229,0
47.45948460832447,38,37.10272241186594,0.02024702364865914,0.010406835854107224,0.13235152483385176,0.008169557838053516,3.4759560162572765,1,7.96264423012315,0
117.15143762511119,82,238.33816716584906,0.536157227011461,0.874273461994706,1.1959108784838315,0.326627690758697,4.872749395785782,3,51.289446031244466,1
116.58377211684954,95,250.91024971432688,0.5118139144063997,0.6759478613278004,2.9785998412150683,0.26148794797816594,4.011468455247268,3,39.62949350842392,1
56.774552660019665,28,29.86708794355836,0.03377603514863177,0.18345714977613714,0.1946156123661451,0.005581312796754742,2.0816677082637187,1,3.3500163443158453,0
60.76654465026662,38,21.8665321420457,0.011498613393632161,0.39610366143353437,0.04080584040438829,0.005146164376674878,2.8515278579335557,0,9.25096497130719,0
30.329197329630713,34,43.371697291193826,0.012826327009905169,0.16461358084075745,0.04022837314340733,0.003718683708569357,2.7277076086228536,1,11.20132760147867,0
168.49476901819625,106,229.60634979239543,0.2769692870632449,0.6802483859733176,3.543408249663249,0.2379975863054611,4.641291868260165,6,40.61085227505684,1
63.12864129080356,24,61.76409205522247,0.0804105367016265,0.06122839957307322,0.020730731063372712,0.041697154161297774,2.4092891614430005,0,16.927129283639413,0
44.03274738556803,37,39.109412820234006,0.04197918263861964,0.11653637085754084,0.05591221049942128,0.001982355449876983,2.555240319485147,2,12.49824929357375,0
62.76255260096974,19,35.90714535165081,0.07298939347051718,0.42444539329722103,0.10593482548126915,0.00044293206190361265,2.0035551754473495,0,9.742271238494176,0
33.85302966369895,43,47.47917449575476,0.07829433661786143,0.025825890897693958,0.1310895818916646,0.023782920517639108,2.2525134959689948,2,14.536017425961921,0
98.32069717512516,95,224.3631251012577,0.42653403480811153,0.7573276199606541,0.7712035748846626,0.40272837641314585,4.813009200202349,3,45.82340428582721,1
97.76161655757261,98,152.50494084023762,0.5128190667823282,0.7301857681849842,1.0417910448601808,0.26171206422236776,4.54967985394917,7,30.556198724086713,1
48.137785274115934,33,26.35053501025702,0.04663581997393064,0.33278105931379387,0.0791001536049606,0.013302336236384781,1.3518942571414962,3,10.45167383328316,0
46.76363241759862,22,37.60473983997506,0.020242977816102525,0.1345807866945672,0.03347161203545678,0.014972833350749254,2.500716054185817,0,12.350850444700438,0
69.51935657723133,32,39.789489510901404,0.030105787653525746,0.2344436646559309,0.018251206177002127,0.0059812900583701345,1.868073276590609,0,17.999887725531426,0
64.31100389001894,28,34.94135018560412,0.015490749165279696,0.1750950209718854,0.015308940745231063,0.0012142663951209116,2.5120260433743775,0,6.8879792097739765,0
124.45827044351309,109,228.63942865875137,0.36361971254969266,0.5523333949723122,0.36624874921055867,0.2897248650552445,5.960435597976996,4,36.29411909941321,1
52.35169038439494,89,228.83887870998618,0.4709107603694633,0.9044955207618889,1.3525136957287398,0.2594544521310722,5.3723697393901535,3,48.59495294475323,1
42.81190121841871,29,58.842925806128335,0.03300045441133882,0.17527045674051298,0.00399651882551932,0.00038654070205841617,2.118568662901265,0,14.446083657760294,0
85.21680065255009,24,41.20165722767056,0.02592450206986557,0.24277609659743818,0.1338238932006602,0.025122961616988224,2.546060229294789,0,6.945634968052778,0
49.11463665631623,42,41.783494715167926,0.04288928225018319,0.32858354843892446,0.1793330325743505,0.014120490947300874,2.6257309862314298,1,10.677187862063313,0
46.987643400022655,22,65.4534013120405,0.0074999079121056645,0.0714237966174949,0.08700787680515853,0.01191002962613106,2.215825382847734,1,12.768055030818987,0
27.096567621687864,27,43.19309944851162,0.019145450632743925,0.12411639680323779,0.05995949549857543,0.005290396829865889,2.7102584298557773,1,-0.0847349958753778,0
28.848897886010104,24,30.04373750284302,0.12468086659965404,0.016624367896661954,0.05164559028642795,0.0013243257680218318,3.35341595030257,0,11.141200370959549,0
46.2318689625172,31,46.061727312508495,0.01727741106972497,0.09632651226666308,0.03201183479146355,0.0013066195300476446,2.6598139493215545,2,15.841966839668464,0
61.161046437800664,36,29.679417904561102,0.04772483469146477,0.6136614192432494,0.12381540700078797,0.025392750034542423,2.432534364853663,1,7.658710353923696,0
44.98706461143193,30,53.91305451083268,0.04202972601669714,0.17440683693386635,0.032435630037442834,0.009103861200211545,2.947862586305015,0,8.311493357486501,0
45.87686051052192,35,60.760190754523904,0.09093485243841386,0.09381769968068629,0.012813479244921627,0.002466187217989187,2.2784788689043327,0,10.79085720027633,0
69.74246878664324,23,31.60449329469616,0.05415305647372785,0.1813591483715567,0.42652979887410974,0.006711323066968761,2.8807859580878197,1,10.872470857950104,0
